community_group,channel_name,prevalence_1A,prevalence_1B,prevalence_2
mainstream_self_improvement,Ali Abdaal,0.004945470877661033,0.0005208333333333333,0.007775047069329677
mainstream_self_improvement,Huberman Lab,0.011433398630247352,0.00165683989213401,0.007904097643516048
mainstream_self_improvement,Mel Robbins,0.017844175711922754,0.0018616171300735059,0.011253102731518326
mainstream_self_improvement,Rich Roll,0.02611443774267052,0.007837528604118993,0.03390397035677861
male_oriented_wellbeing,For Purpose Driven Men,0.07654735393215224,0.04157452454666077,0.0043859649122807015
male_oriented_wellbeing,For The Dads,0.013971659073506395,0.002973504999296965,0.0
male_oriented_wellbeing,ManTalks,0.181397639756811,0.03960360134729883,0.01626125197553769
male_oriented_wellbeing,Mens Health,0.01589214500716782,0.0011111111111111111,0.0005376344086021505
manosphere_adjacent,ItsComplicatedChannel,0.3490574699379478,0.059018811993432764,0.049605286441094784
manosphere_adjacent,Man Guide,0.4121651393955698,0.09855511168111375,0.010102857510806248
manosphere_adjacent,Sandman,0.14776512748819334,0.038579292979269,0.07317521317101719
manosphere_adjacent,TheChowTimePod,0.32154420821906526,0.07793659284327079,0.028709417044582956
unrelated_control,Huw Richards,0.0,0.0,0.0047534228112772
unrelated_control,Jamie Oliver,0.005,0.005,0.0
unrelated_control,Laura Lee,0.0013157894736842105,0.0,0.0
unrelated_control,Lone Fox,0.0,0.0,0.0007144315166360481
