construct,community,prevalence_percent,ci_low_percent,ci_high_percent
1A,manosphere_adjacent,30.76329862601941,19.752718786505625,39.287849201944255
1A,male_oriented_wellbeing,7.195219944240935,1.2828800641920644,15.130959541005765
1A,mainstream_self_improvement,1.5084370740625415,0.5086446374970979,3.2463274748333166
1A,unrelated_control,0.15789473684210525,0.0,0.5657894736842106
1B,manosphere_adjacent,6.852245237427157,4.416406692956967,9.199395258930215
1B,male_oriented_wellbeing,2.1315685501091917,0.14650375511606964,5.094921305842911
1B,mainstream_self_improvement,0.29692047399149607,0.047803758741258744,0.8490902811449399
1B,unrelated_control,0.125,0.0,0.5000000000000001
2,manosphere_adjacent,4.03981935418753,1.6398362603200958,6.847736108296522
2,male_oriented_wellbeing,0.5296212824105135,0.0,1.444214566346509
2,mainstream_self_improvement,1.5209054450285666,0.6670851817715688,2.855284368513607
2,unrelated_control,0.1366963581978312,0.0,0.3930159800581648
