agreement_id,comment_id,label_1A_annotator1,label_1B_annotator1,label_2_annotator1
IAA0001,UgzIpbI9tDO7WWKEtR14AaABAg,0,0,0
IAA0002,Ugxj1HMB1theXVQ6wWN4AaABAg.A0HsOBE4fcaAD0l-Ywk3VL,0,0,0
IAA0003,Ugwchkk8grRagJqirNt4AaABAg.AWzwcfP5CcNAWzxSttAgBp,1,0,0
IAA0004,Ugz8wFfGMnAtCvXYycN4AaABAg.AYwNm6a2YJmAZ75b2wGmAl,1,0,0
IAA0005,UgwNmr92XiJZGOCjBKx4AaABAg.9mxs_xpFml29n2aiTgb6gP,0,0,0
IAA0006,UgwFzcbOm3VqLUzm-qx4AaABAg,1,1,0
IAA0007,Ugyg4gjrl1lHNgrFmqh4AaABAg,1,0,0
IAA0008,UgziZt4K91ee8FrjFkR4AaABAg,1,1,0
IAA0009,UgyhbFqC_s7QpI2R4nF4AaABAg,0,0,0
IAA0010,Ugxrv6EgI0GNg_TXB114AaABAg,0,0,0
IAA0011,Ugw3ysZZAGkWZYPWJA54AaABAg.AXHsH4KXTB5AXHvXfframr,0,0,0
IAA0012,UgypAlsPMBILSOmjBX94AaABAg,0,0,0
IAA0013,UgzBoIyPH20NykpZb-94AaABAg,1,0,0
IAA0014,Ugwmjbr-v7GcYt0kRJp4AaABAg,0,0,0
IAA0015,UgzSwnY0kH8F8TkIwYh4AaABAg,1,1,0
IAA0016,Ugzgj8BV4Bn5vbromQR4AaABAg.9neCTUQL1pxALyxEN_B3Ay,0,0,0
IAA0017,Ugy2MqIfKNAnFjqL3sl4AaABAg,0,0,0
IAA0018,UgwjHRYOSrJFz7Q7ce14AaABAg,0,0,0
IAA0019,UgzeSNYyyX5b65tUyTx4AaABAg,0,0,0
IAA0020,UgwzWPpfPd9E45TIuUB4AaABAg.AU8nQGFaMmVAUBJqLU0m--,0,0,0
IAA0021,UgzlBMqcsFapNdvYp_x4AaABAg,1,1,0
IAA0022,Ugy4RBU6zekeLWapwKB4AaABAg,0,0,0
IAA0023,UgzKO0R4hR6xqPsAfOl4AaABAg,0,0,0
IAA0024,UgyzSJFdFrF0qnHTPRB4AaABAg,0,0,0
IAA0025,UgzOzNvntjGrB2NWJJl4AaABAg.AWl8VkvwzJnAWlcrTiUq0F,0,0,0
IAA0026,UgyJTyV90F2mqA6PFRh4AaABAg,0,0,0
IAA0027,UgxIp3-r_JKYbvHK8xh4AaABAg,1,1,0
IAA0028,UgzETBs1vwjpFnaTTNx4AaABAg.AZKkqzz9WFdAZL6clql2Pz,0,0,1
IAA0029,UgxzqQ5uviTjg0C5D-p4AaABAg,0,0,0
IAA0030,UgxV-a8gVWdJTMHW2HN4AaABAg,0,0,0
IAA0031,UgyBjouJFifgyWxmh0B4AaABAg,0,0,0
IAA0032,UgxfgozpvbcVAN3p6W94AaABAg,0,0,0
IAA0033,UgwaneBhNjAHUiFrfWV4AaABAg,0,0,0
IAA0034,UgxMAlKGDte1KF0f57d4AaABAg.AWfJS_S5ZAaAX6D3T7oH3p,1,0,0
IAA0035,UgyZaLH4V_fTzOzsq0d4AaABAg,0,0,0
IAA0036,UgyAwy9zuxhjbv4JFJl4AaABAg,1,0,1
IAA0037,UgyM52HwxfhrIig2dTB4AaABAg.AY76djmGcwrAY7JFRMN_y0,0,0,0
IAA0038,UgyBh0Ah1kKQRFdk85l4AaABAg,0,0,0
IAA0039,UgxWG7z-sxAj_mlnjTN4AaABAg.AVBzm_EQG-yAVCrAHOXPo2,1,0,0
IAA0040,UgyGJQL7NgldprOXEEh4AaABAg.AVsOY-NcBROAVwgDLIqIfn,0,0,0
IAA0041,UgwrYWKb0nvWWHBZDg54AaABAg,0,0,0
IAA0042,Ugz_nIT7SRhNDtmrDk14AaABAg,1,0,0
IAA0043,UgzgMHPYEtzygbPfJAp4AaABAg.AVigx7VQOtjAVjCzU0jYCr,0,0,0
IAA0044,UgyLl7OAAx-59McCxhh4AaABAg.AUQoe957BwsAURMMEMCxIy,0,0,0
IAA0045,UgxCjvU4vVhpY0Hbr8t4AaABAg.AVoDoBZRL0rAVofUCL1hKe,0,0,0
IAA0046,UgyzS56PkRxLhmMjDzl4AaABAg.AY75soTD3uHAY7G7qxx8xk,0,0,0
IAA0047,Ugw0h34eTNKttDyFrNp4AaABAg,0,0,0
IAA0048,UgzI5pgBNCZDGeogEgN4AaABAg.9kFn6wdJ0YK9kFwJrktg4-,0,0,0
IAA0049,UgxqQBOv20oDw8Ynx9l4AaABAg.AVCCsaRr9l7AVCtRsSQ2Ce,1,0,0
IAA0050,UgyxFkr39ptiYJsDpS14AaABAg,0,0,1
IAA0051,UgyCni84Lahb1WqMsLl4AaABAg,1,1,0
IAA0052,UgxtxKQvx7KcBbzx0IN4AaABAg.AXUWCvX2_61AXUZCSAZUki,0,0,1
IAA0053,Ugy-x2wd1uAuUH2W2MN4AaABAg.AVihm68B3H9AVijViLXGkF,0,0,0
IAA0054,UgysGHBM91RtTrPL34N4AaABAg,0,0,1
IAA0055,Ugwrrt1FjdgzY94Dc014AaABAg.AVieEnHH7Z4AVilDZiy39_,1,0,0
IAA0056,UgydHWlKphRlcopQRk94AaABAg.AY-LQmfOPrKAY-ZXQ_WnDO,1,1,0
IAA0057,UgxJtZeEzgZW4WuzTAB4AaABAg,1,1,0
IAA0058,UgzyAGxd9i_KZplPuDF4AaABAg.AVPNopj39UnAVPluBt7MMC,1,1,0
IAA0059,UgwuYSFU0uWeW4ZoQyV4AaABAg,0,0,0
IAA0060,UgwJcV2aBsNx4O0HMa14AaABAg.AXfeNXIq3sMAXgDdLxqKgk,1,0,0
IAA0061,UgxmHOmMg-HpszhJIGB4AaABAg.9kDbIRqHNKW9kb01Tf_IzM,0,0,0
IAA0062,UgzCgAGBRKnejxojprF4AaABAg.AWeNFtu8pTPAWeeS8NgglU,0,0,0
IAA0063,UgxIsyrYKiTPZDTwaLF4AaABAg,1,0,0
IAA0064,Ugxs9Kx5fUvSTv-HXzp4AaABAg,1,0,1
IAA0065,UgzKYJu3NWrF1l4wfOV4AaABAg,0,0,0
IAA0066,Ugxozjs-6scyHH67wTF4AaABAg.ASVaedJ2h0SASXAYPoQBWN,1,0,0
IAA0067,UgxxoEVtO7f9UAN5YCl4AaABAg,0,0,0
IAA0068,UgwbH5LiA-Q4YN4lIJB4AaABAg.AY-9RlfS-TjAY-KQqzEAOQ,1,1,0
IAA0069,UgzgkbBFgZPh72HvDYh4AaABAg,1,1,0
IAA0070,UgxGUl9xSfE1cWF05IF4AaABAg.AWAReGpneLtAWAmTEAfN1k,0,0,0
IAA0071,UgzS0iW34VPrN1qTYlx4AaABAg,1,0,0
IAA0072,UgzvQ_9XlPoS9LeV54B4AaABAg,1,0,0
IAA0073,Ugye4MRsSQ93hZc1Bzt4AaABAg.AJBaUC6pkA-AJBz-8GKu7s,0,0,0
IAA0074,UgyEixjWAU4X0IMSB0J4AaABAg,0,0,0
IAA0075,UgzC_wMA4xl_Eev9tV94AaABAg.9nt8COuPsrm9oEfiWkdDo9,0,0,0
IAA0076,UgxAa2EUOJbO_NGqfQd4AaABAg.AXtIjXCjJAQAXvbDlyU-Qs,0,0,0
IAA0077,UgxzWZG0fUMNJpe_xP14AaABAg,0,0,0
IAA0078,UgyuQpBTeGGXPdl3g1t4AaABAg,0,0,1
IAA0079,UgycaxDuRy-ibaKLWsx4AaABAg.9ldA_ocXdgW9leFD7yt_z_,0,0,0
IAA0080,UgySDSWw8Mz9tBw3JXx4AaABAg.AVRi41u3y2GAVVro5gg-in,1,0,0
IAA0081,UgyzrN22I1q9H7chT_V4AaABAg,1,1,0
IAA0082,UgwnHykDpZJfkafJl8B4AaABAg.AV_6YE0egleAV_z9C5pecR,1,0,0
IAA0083,Ugy4o-gn3FdaR8lmMt54AaABAg,0,0,0
IAA0084,Ugw1QIUoesBmFRCleat4AaABAg,1,1,0
IAA0085,UgzMfOQhY3t3hNGE-ol4AaABAg,1,0,0
IAA0086,Ugz7VbIJr6A9ZmrHjHt4AaABAg,0,0,0
IAA0087,Ugxz0Eux0XTMwdJWq0F4AaABAg.AWw5p256g_eAWwHcgZGUiU,1,0,0
IAA0088,Ugw5q_t859Iv2oUo1nt4AaABAg,1,1,0
IAA0089,Ugw5ysgsVfPZMCk3LDF4AaABAg.9ckggQi0yxr9criqlLK6sk,1,0,0
IAA0090,Ugy9NvDTicpj4tyniw54AaABAg,1,1,0
IAA0091,Ugw4ji-iFce1bC6S3Tt4AaABAg,0,0,0
IAA0092,UgwzxZzykyJtntaNvqR4AaABAg.AXfneIZjPRPAXfxRgl4J10,1,0,0
IAA0093,Ugw5zxLsWQ4TXejCtXN4AaABAg.AVC0fnQYUe3AVCDx75piLK,1,1,0
IAA0094,UgzHe8eUoRTaRO26Mix4AaABAg.AIudetcWxpZAK_eB1LEBYp,0,0,0
IAA0095,UgxESREXoPWCSkKZgA54AaABAg,0,0,0
IAA0096,UgxQOBBhmrf2ThUupSt4AaABAg,0,0,1
IAA0097,UgySbsrB1N_8PAEVvJ94AaABAg.AXhhIqJbyFYAXvhlOVHTKH,0,0,0
IAA0098,UgyVp_RrBRMU4Bpe1nt4AaABAg,0,0,0
IAA0099,UgwdxvTK4SRbTw2pdnF4AaABAg,0,0,0
IAA0100,UgxkdfN_GkNsRzXyx6B4AaABAg,1,1,0
IAA0101,Ugx15kMOmCiffgj7iyN4AaABAg.AVxiVO1KFJTAVxmo0ckN66,1,0,0
IAA0102,UgwzTRduo3Qz6Eqh0-t4AaABAg.AVos89-FukLAVpAphqHDkd,0,0,0
IAA0103,Ugy-Eb1uhI5JK6oIHD14AaABAg,1,0,0
IAA0104,UgxGC6lnYSN6Ti08gR54AaABAg.AY4jsF36_JyAY86uhL-Muy,0,0,0
IAA0105,UgwKjmmAfG9iWVF32HF4AaABAg,1,0,0
IAA0106,UgzeowHLDEQ7AzUV-Rl4AaABAg.AX5XtwarokhAXKpB4zIKvL,0,0,0
IAA0107,Ugy-SVqr6-fBX9SMoSx4AaABAg.ARu4IF5hsB_AS87VoSctIY,1,0,0
IAA0108,UgzMWVFyJru8tvm5eSJ4AaABAg,0,0,0
IAA0109,Ugy6saGucgAzTdWsSKN4AaABAg.AXUN0tgKL4SAXURXIhmISN,0,0,0
IAA0110,UgxsRLDFv6YlyQ0JRTp4AaABAg,0,0,0
IAA0111,Ugzm8INOcSN_VulgPUR4AaABAg,0,0,0
IAA0112,UgzSVhnvY_OdOcbEf4l4AaABAg.ARgf_sAoajrARh-b27IRR8,0,0,0
IAA0113,UgyvdU-Keeo-PuUB8ZN4AaABAg,1,1,0
IAA0114,UgyQPOgEPexfeW2woCZ4AaABAg,0,0,0
IAA0115,Ugzgr2vUYpWbx4VhACh4AaABAg,1,1,1
IAA0116,UgzHaETg7niDwqLL7Hp4AaABAg,0,0,0
IAA0117,UgzMtc44wLsw-6cWuGN4AaABAg,1,0,0
IAA0118,Ugx0Q9APawiZOupmmed4AaABAg,0,0,0
IAA0119,UgxeVLlGeQf2EComKyl4AaABAg,0,0,0
IAA0120,UgzbvoJxg4CJC9cJ37t4AaABAg,0,0,0
IAA0121,UgwF_6Fve2e60tzCRYJ4AaABAg.9kDnqPQrfvF9kYcXv8LMSP,0,0,0
IAA0122,Ugx5gGgeYApLc5bbT4Z4AaABAg.AT6G9ViMO57AT95X3VWQTW,0,0,0
IAA0123,UgzHIlCiRjWaDL7zXSh4AaABAg,1,0,0
IAA0124,Ugzq7aSA-_VKBeKImX94AaABAg,0,0,0
IAA0125,UgwuNrTtMzJkvGVkTPh4AaABAg.AXsbm8L0TWrAXsnmzwtvha,0,0,0
IAA0126,UgxDPeMCDQnTWpmZiQB4AaABAg,0,0,0
IAA0127,UgyZLiKiVOqo5lFSAJd4AaABAg,0,0,0
IAA0128,UgyIY7z1BiZgxWas06d4AaABAg.ATPlMQ0j4W6ATTE9rMXkns,0,0,0
IAA0129,Ugyg0nJoFLeWf6gDHul4AaABAg.AVsdmhFp9RWAVsvE4exrcR,0,0,0
IAA0130,Ugwg6L0rr2WT1h8NV9l4AaABAg,0,0,0
IAA0131,UgyeRmutUIPR9-eTtqd4AaABAg.9kxNuyq4ozO9kxOEsjRZac,0,0,0
IAA0132,Ugw7sco7M2gIzHFhItZ4AaABAg,0,0,0
IAA0133,UgzrqT-jFWK4V8yXZ-R4AaABAg.AUTTagQDXBwAW8ckPmBM6W,0,0,0
IAA0134,UgwpqWn5_LIZQR1jcdJ4AaABAg,0,0,0
IAA0135,UgyHLB1y1SFokmQUkGl4AaABAg,0,0,0
IAA0136,UgyiQ8pcv_pN_oSjVQZ4AaABAg.AQkw7TmWmAsAQmmwToO_iF,1,1,1
IAA0137,UgwcEn-hOM9_S8D6hlp4AaABAg,0,0,0
IAA0138,UgxSXAAoATEhPYytIrp4AaABAg.AV6ksaHK2HlAVg4c4ns0tA,0,0,0
IAA0139,UgxbLrP3Wr2CwNYR2Kd4AaABAg.9YnWHmLCE9Y9Yo24rX8J2Z,1,1,0
IAA0140,Ugx_8hGAh8EPHNNnfs14AaABAg.AVbDXkxgeTaAW0A3zozyR4,0,0,1
IAA0141,Ugy6uMBV0pQAHYKg4sp4AaABAg,0,0,0
IAA0142,Ugy84kfsVVtX9i09H7d4AaABAg,1,0,0
IAA0143,UgxsXi0wH7mT85-Ns5d4AaABAg,1,1,0
IAA0144,UgxsAcLX1sSFKH3lIFh4AaABAg,1,0,0
IAA0145,UgxRqXFhAyIkuVUaNkt4AaABAg.AUs_HGeQuJEAV8EQGY4eWN,1,0,0
IAA0146,UgxBmH17u0dDzs4E8oF4AaABAg,1,0,0
IAA0147,Ugw7QK6fRLzcjSvdk1V4AaABAg,0,0,0
IAA0148,UgxEDCMBEJipuV0ccnd4AaABAg.9epi4FF75x29erLfJG4ypn,1,0,0
IAA0149,UgySbsrB1N_8PAEVvJ94AaABAg.AXhhIqJbyFYAXsaxxU2fwE,0,0,0
IAA0150,Ugz4Oz3ZDQ0DioBS30F4AaABAg,0,0,0
IAA0151,Ugzi6_CsEn78C5HvSAF4AaABAg,0,0,0
IAA0152,UgzELknvAjasHbmuLG94AaABAg.ATM9Z6X9NdnATMbwKPCQM8,0,0,0
IAA0153,UgzoN4CgXqIrK7E7rpJ4AaABAg.AXmEV-1Jo7NAXp1M2ycVBj,0,0,0
IAA0154,UgyCoM27LuT57A-MMw14AaABAg,1,1,0
IAA0155,UgwxQ2qLoZi59oDt_5Z4AaABAg.AUtK_y6-BHDAUwWaIYBEuo,0,0,1
IAA0156,UgxyWu2AS8E62xuEC3x4AaABAg,0,0,0
IAA0157,Ugxbv0nC2626NLaa-Tt4AaABAg.9kq0OImuenX9z5PtCkcRqc,0,0,0
IAA0158,UgyqIABV_dHLUPdazcN4AaABAg.A2aou4a-SuqABCEEKx5KD7,0,0,0
IAA0159,Ugzi7bh4fSgdIcTrCK54AaABAg.AVsd-j56GZHAVssmEQcVT5,1,1,0
IAA0160,UgzQFvhg7w7k8Hn7-Mp4AaABAg,0,0,0
IAA0161,UgypqT5IV2Kkc-i2-AZ4AaABAg,0,0,0
IAA0162,UgwaED9H-rn4Z78Br_h4AaABAg,0,0,0
IAA0163,Ugwiqh1uPQpnF-ZLuP94AaABAg.ATI0eNkEpveATISDakMVvP,1,0,1
IAA0164,UgwdrBw7zp108boifdx4AaABAg,0,0,1
IAA0165,UgywB_Be2tJq4j5X1E54AaABAg,1,0,0
IAA0166,UgyhjiCQzsCXX7iwgJN4AaABAg,1,1,0
IAA0167,UgzDwoA05axRDZetAKB4AaABAg,0,0,0
IAA0168,UgxGVey4EIPu9bHcQK14AaABAg.ARWAkMR06vjARWYPbkzsF7,1,1,0
IAA0169,Ugz7xHJYKFHw5QwYiMh4AaABAg.AWeqNq23Ep_AWhTVaKKxZo,1,0,0
IAA0170,UgwOxfrpB0OnJ65dWJZ4AaABAg.APJo1Pm1H3cAQ-WuUxmEFQ,0,0,0
IAA0171,UgwwdKIVKJmJbKxMTdd4AaABAg,0,0,0
IAA0172,UgwQ4N0Auqt3Z-Ql3754AaABAg,0,0,0
IAA0173,UgzKNQ5AdFXmOr0nArZ4AaABAg,1,0,0
IAA0174,Ugx2itL3tt4pzPuGkBR4AaABAg,1,0,1
IAA0175,UgzY33Wpn6druexBDcp4AaABAg,0,0,0
IAA0176,Ugz9OtAwrr2HHz2oq_h4AaABAg.AVoEA9Vqql8AVokgbjUxci,0,0,0
IAA0177,UgxqQBOv20oDw8Ynx9l4AaABAg,1,0,1
IAA0178,UgzuVksATac6NRrNtwB4AaABAg,0,0,0
IAA0179,UgzpAIH-s_PpQICiHEd4AaABAg,0,0,0
IAA0180,UgyrZOTpXNHGtXBp-Zh4AaABAg.AXnmwL_t5liAXwaf9so5gU,0,0,0
IAA0181,UgyBjouJFifgyWxmh0B4AaABAg.9m1rDX4e7F89m5FMxLgYgl,0,0,0
IAA0182,UgxaXdMlw2EqiKhLPFl4AaABAg,1,0,0
IAA0183,UgywPxGFUNXuDugxz6B4AaABAg,0,0,0
IAA0184,UgwBIacMXhImZUJ37X14AaABAg,0,0,0
IAA0185,UgxKhWw_c6pSE3OVdIB4AaABAg,0,0,1
IAA0186,Ugz1hSnU0zMgrxIZ4o94AaABAg.AVZNyfComvhAVZgxbh8-wK,1,1,0
IAA0187,Ugz43JqsTzts3RxjqvF4AaABAg,0,0,0
IAA0188,UgxRmA0VVTP5ZW9e9m54AaABAg.AVxhYDRGzvzAVy2yF2sIPZ,0,0,0
IAA0189,UgxCtE5tE3i-xuD1unh4AaABAg.9kKmsrOUC6EA-KZM3aOQUw,1,0,0
IAA0190,Ugx5vUaUywMoqW6VI1l4AaABAg.APlASV7wwKCAPmcb3ewxd5,1,1,0
IAA0191,Ugw-GnwHt1rWo41rP4N4AaABAg,1,0,1
IAA0192,UgzKSCT-LYsfeQBqk154AaABAg,0,0,0
IAA0193,UgwhFasyBfXdx3S2Xwd4AaABAg.AXsZe3Na8JAAXu-5bTra75,1,0,0
IAA0194,UgwKC4R6ehoB-G9AqQJ4AaABAg.AXsbpNDgYP9AXwhpBXHZ7C,0,0,0
IAA0195,Ugz9R2jjqY3aImME2id4AaABAg,0,0,1
IAA0196,UgxjpZDgoo6_3NRpOjp4AaABAg.ARe6DQeqzZxARuo-EQPb7o,0,0,0
IAA0197,Ugw9IZgeTWY_dW9_wQB4AaABAg,1,0,0
IAA0198,Ugzza4tgmxVIQLlIUkJ4AaABAg.9kEUQfNx71w9kEguGzNFs-,0,0,0
IAA0199,Ugx2p_57OXjEDysmLKt4AaABAg.AXHidjSrrVdAXJ2jjWRwuz,0,0,0
IAA0200,UgxnCIO67k9fH63B2MJ4AaABAg.AZUAM_VkMQWAZUuQvf2WcN,1,0,0
IAA0201,Ugz7drTL7mB3CMehVHJ4AaABAg,0,0,0
IAA0202,UgwTp_i4u7a0l9xYZt14AaABAg.AKFEaDBkuzbAKH92BVKqkh,1,1,0
IAA0203,UgxZYwRs2jhHYudfP0t4AaABAg.AUaMrNsLWHwAWNGI4f2bKO,0,0,0
IAA0204,UgylNG182F44ViQDsIR4AaABAg,0,0,0
IAA0205,Ugzvnx461lrcEioXE5V4AaABAg,0,0,0
IAA0206,Ugz1-ky6ZcVeQA4gubl4AaABAg,1,0,0
IAA0207,Ugyf6aUr-dyz29Ypfol4AaABAg,0,0,0
IAA0208,Ugwv0BLFZrWI8ur40At4AaABAg,0,0,0
IAA0209,UgwF_6Fve2e60tzCRYJ4AaABAg.9kDnqPQrfvF9kYUj2F5fyr,0,0,0
IAA0210,UgxSqfgCTZaWZUQS6iB4AaABAg.9r6p0A22Wd79r7OooaGK5e,0,0,0
IAA0211,UgyYHQvg8gV830o1J394AaABAg,0,0,0
IAA0212,UgxvFWC_o2_15s1a-pt4AaABAg.AOdwLVRI9xLAOgfSoUckvt,0,0,0
IAA0213,UgwskyLvnwSy8WuWk0l4AaABAg,0,0,0
IAA0214,UgyQS5uk-rr_uBfa38d4AaABAg.AVvMN205U1vAW0sOa2jwDm,0,0,0
IAA0215,Ugy1k1LzX6rmnNYoL1V4AaABAg.ACXw2gh2PqqACY1qJWP5nr,1,0,0
IAA0216,Ugzdua-lhZepZfdqEH54AaABAg,0,0,0
IAA0217,UgymzQBB0xNttOl2Iod4AaABAg,0,0,0
IAA0218,UgwnHykDpZJfkafJl8B4AaABAg,1,0,0
IAA0219,Ugzj3_lGMFTbZ7asjw94AaABAg.A9i2_kVmgexA9wQr7eeAIa,0,0,0
IAA0220,UgxF9dYOPpgZnla3UJd4AaABAg.AUsUdgBL4FVAUsc6uUo1d6,1,1,0
IAA0221,Ugz2wgKkh78tN3vJ3pV4AaABAg,1,1,0
IAA0222,UgzDHMLRaFsVjuTXSnF4AaABAg,1,0,1
IAA0223,UgzTsvmZSwvdhSCz91J4AaABAg,1,1,0
IAA0224,Ugyz32wUor4xy1aDSLl4AaABAg,0,0,0
IAA0225,UgxFpizXxEk8e79xp794AaABAg.9kn13Jo-LKn9kvbgYb28Cl,0,0,0
IAA0226,UgydOP2dJ9xoOdoXQJZ4AaABAg,1,1,0
IAA0227,UgwPAWzPHWvGYvR_k2F4AaABAg.AHo7UtUpJ5FAHp50XY34BX,1,1,0
IAA0228,UgyWtSCcl--zjiPiUEh4AaABAg,0,0,0
IAA0229,UgxyMGPjSFzfWB76loh4AaABAg,0,0,0
IAA0230,UgzYOyQJZWVOgU-pIOJ4AaABAg,0,0,0
IAA0231,Ugy0z1qLUtwA25198T54AaABAg,1,1,0
IAA0232,UgzesNnF7dIW7L2oFVR4AaABAg,0,0,0
IAA0233,UgwBywyxPliywcPEPQ14AaABAg,0,0,0
IAA0234,Ugz9b7sEbfVLe1czKqp4AaABAg.AVTo3xfUi9qAVVQz254Es1,0,0,0
IAA0235,Ugzy-JTI1-hr_fuZIPd4AaABAg,0,0,0
IAA0236,Ugy_lqpQFcrtyPaW9EJ4AaABAg.AUguM72prLKAUiJ0rpaINv,0,0,1
IAA0237,Ugz7PkkW2m00ri94HAh4AaABAg,0,0,0
IAA0238,UgxL0WUDqef9uK8KPfx4AaABAg,0,0,0
IAA0239,UgwLX0L_y5MEAdtTsQN4AaABAg,0,0,0
IAA0240,Ugwy3xnQXiCTGeaowUd4AaABAg.9kySw70lWgx9ro7nD1Vho7,0,0,0
IAA0241,Ugwbg01-zzWpYCKUP-R4AaABAg.AUqd0jKvD75AV3tCGVG8J-,1,0,0
IAA0242,UgzGUx9mHq4Qj17p2N94AaABAg.AW5M0rKXszqAW68sdhAtS3,0,0,0
IAA0243,UgywGl9XL9MRaeAtjIR4AaABAg.9kEUuufo6ZS9kF7HvTnxE_,1,1,0
IAA0244,Ugx4ZCnjnGwzeXV_31d4AaABAg.9fJsCxcEf-h9fg7jxGU6Tu,0,0,1
IAA0245,UgwtMdzFv2KIizJBACt4AaABAg.9e6ULfMeZOy9e6lsHo7rPw,1,0,0
IAA0246,UgwQXp7_QNfv3LMC40l4AaABAg.AUqx0WRcW14AUrMCtbIvhM,0,0,0
IAA0247,Ugyu5JD66Lj-UYEDwCV4AaABAg,1,0,0
IAA0248,UgykbBxAIjnvgjWzRWh4AaABAg,1,0,0
IAA0249,UgyIpQ1NmAmzEQGP7zh4AaABAg,0,0,0
IAA0250,Ugws53cACkJzfS8sBZl4AaABAg.A8zF12MK_RhA8zRaG6BdzQ,0,0,0
