community_group,construct,error_type,prob,pred,manual,pred_1A,manual_1A,manual_2,audit_id,channel_name,text_clean
mainstream_self_improvement,1A,FP,0.93076223,1,0,1,0,0,AUDIT_103,Huberman Lab,"Compounding pharmacy, think of as a manufacturer. Pharmacy manufacturer. Any time, you make anything illegal, you create a huge market for it. Duh. And hello. Women need HRT. Im sure men cannot fathom it but when we reach menopause and life's start to literally fall apart, we need those options to be available and easily attainable. More then men need a little blue pill to be able to screw again. 🙄"
mainstream_self_improvement,1A,FP,0.9268799,1,0,1,0,0,AUDIT_035,Rich Roll,"Love the video man. Keep them coming. To any young men struggling or men in general, you are not alone. Keep going."
mainstream_self_improvement,1A,FP,0.79509354,1,0,1,0,1,AUDIT_207,Ali Abdaal,they keep us financially illiterate so we keep working for them without asking questions. reading Smart Broke Dumb Rich by Zor Veyl is the ultimate rebellion against the system.
mainstream_self_improvement,1A,FP,0.758468,1,0,1,0,0,AUDIT_018,Mel Robbins,Then add on top that you as a woman has had to shave your head since son got lice and is freaked out as he smoked moldy pot and he has skin issues and as a mom with chronic pain from making impact with a dump truck at 100 kms with only less than a block to stop and your spine is twisted then husband of 16 hrs kicks you and 10 yr old son as husband having an affair lol. But you have this shaved head with boils on your scalp and wear scarves and in huge huge pain working in 35 heat and just do the job to deliver the mail . True story and I’m trying to write a book
mainstream_self_improvement,1A,FP,0.6094046,1,0,1,0,0,AUDIT_186,Mel Robbins,"Five years ago I had bilateral breast cancer, had radiation went through 5 years of estrogen blocking therapy which was very difficult. It changed my life , muscle aches every day, mood swings lack of libido and trying to make my husband understand what was happening to me which he didn’t understand. My son is an addict, my 96 year old father lives with us and needs constant care. In January my husband was diagnosed with advanced metastatic prostate cancer and also stage four metastatic small cell lung cancer. He went through chemo , radiation, and immunotherapy so far. He is in a lot of pain because it is also in his bones and brain. I am finding all of this extremely difficult to handle. It is so hard to know the love of your life will not be with me much longer. I am overwhelmed and heartbroken!"
mainstream_self_improvement,1A,FP,0.5550314,1,0,1,0,0,AUDIT_001,Ali Abdaal,"In times like this, one must stand on the right side of history so that future generations will remember you with respect.❤️🤍💚 The country of Iran has fallen into the hands of criminals who have killed at least 30,000 people within 48 hours in the most horrific and inhumane way possible. Among the victims were many children under the age of 18 and women. This government must be brought down, and it should be done through support.❤️🤍💚"
mainstream_self_improvement,1A,FP,0.5483657,1,0,1,0,0,AUDIT_124,Mel Robbins,"I feel it comes down to planning.Plan where you are going to live.If possible in a retirement village so if you fall, if you have an operation when the hospital says you can go home you go to frail care till you are stronger.Then you go to your house but you have a nurse check on you till you are well.That way you don’t have to worry your children.Dont wait till you fall plan before"
mainstream_self_improvement,1A,FP,0.481072,1,0,1,0,0,AUDIT_044,Huberman Lab,"8:27 I really appreciate this episode and the fact that this conversation is happening. These are the discussions men need. I respect Terry Real and the work he’s done for men. That said, Stoicism often gets misunderstood here. Stoicism isn’t about invulnerability or being emotionless. It’s about self mastery. Feeling fully without being ruled by what you feel. The Stoics never taught men to suppress emotion. They taught men to take responsibility for their inner world so pain, fear, or anger don’t hijack character, values, or action. As a men’s coach, I teach Stoic principles alongside mindfulness practices, breathwork to reset and regulate the nervous system, awareness as the catalyst for transformation, and emotional resilience. At the heart of the work is helping men understand their conditioning and the reactive thoughts that often run rampant, so they can respond with clarity instead of reacting from habit. When Stoicism is paired with awareness and regulation, it doesn’t make men less emotional. It makes them more grounded, more accountable, and more capable of showing up with integrity"
male_oriented_wellbeing,1A,FN,0.38209653,0,1,0,1,0,AUDIT_082,ManTalks,"Nah... very simple... you dont really need to know the reasons, especially if you know shes avoidant, just let her go... dont mention it.... dont make a big thing out it... and move on. She created the space, and the silence, let her sit with it. If she ever does message you back... who knows.... a month... a year... whatever time later, then adress it, but you dont have to accept half messure excuses, or appologies that dont feel authentic... and sure as hell, dont trust her."
male_oriented_wellbeing,1A,FN,0.016168991,0,1,0,1,1,AUDIT_123,ManTalks,Talking about the gender divide without mentioning the billions og tax dollars being spent to support the feminist agenda all over the world is like talking about diet without mentioning food
male_oriented_wellbeing,1A,FP,0.9316446,1,0,1,0,0,AUDIT_075,ManTalks,2:20 is simply false. In mass democracy it is the easy manipulation of women that is the key to power. It requires the demoralization and gaslighting of men to negate their innate strength to resist the centralized power.
male_oriented_wellbeing,1A,FP,0.8422813,1,0,1,0,0,AUDIT_228,ManTalks,"Sooo accurate, wish I had this 20 or 30 years ago! My dad cheated on mum while she was in hospital with me, so from the first day we got home she low-key hated him. I learnt that I could not under any circumstances be anything like him. I had only that negative role-model and really struggle to be a man exactly as you say. I don't trust men at all. I am lucky to have a small group of nerdy friends (can't stand alphas!) but yes, I suppose it's not that deep. He eventually left when I was 18, so that was my entire childhood in a home filled with resentment. I'm 48 now, and still dealing with this shit. She still has a hold over me that I'd like to sever, but wow it's not easy."
male_oriented_wellbeing,1A,FP,0.83415884,1,0,1,0,0,AUDIT_076,For The Dads,"Be a man, grow some hair on your nuts and honor your commitment to the dog who was there first."
male_oriented_wellbeing,1A,FP,0.77551246,1,0,1,0,0,AUDIT_153,ManTalks,"I sense a trend that men want more relational/dating verbal fidelity and reassurance step by step in dating. Such as not going on more dates if they don’t hear explicit confirmation of a woman wanting to see them again, more importantly like them, because men don’t want to waste their resources or get hurt. Can someone expand on a simple script in early dating verbal reassurance that motivates both parties to stay consistent to build the relationship?"
male_oriented_wellbeing,1A,FP,0.7605154,1,0,1,0,0,AUDIT_143,ManTalks,You're missing the point.Women become anxious and emotional when husband's refuse to be present and hear what they are saying. Its not at all about tolerating bad behavior. Study coregulation in marriage.
male_oriented_wellbeing,1A,FP,0.7344267,1,0,1,0,0,AUDIT_097,ManTalks,"To many women : *Patriarchy = none masculine male leadership /devoid of self love, narcissistic control not what you would describe as masculine containment embodiment. Men have run religions and medical systems (not researching women’s health needs for many years, so women aren’t imagining things are off) I do not agree with shaming anyone. That’s never a healthy choice. Due to most still carry a root of shame. I have also seen:heard now - a new rise in a more feminine energy, a newer movement of women calling for the broken system :titled under the name of patriarchy, which has been promoted in sects of religions and media that women are less than men. And, the knee jerk response , devoid of heart centered love—- was modern day angry feminism. the rise of modern feminism in a guise to swing the pendulum, but that too was a “Trojan Horse “ bc that was women in their masculine and we got women working as “equals” but no change to the system men and women are living under. But women had no financial independence until this time, so many were stuck in unhealthy predicaments and religion or society run mostly by men kept them there. So of course over many centuries women have not been truly protected by this system. So now with this new manosphere documentary setting on fire the feminists and feminine women alongside with the rise of more psychological awareness and inner healing work we have good people like yourself or Teal Swan (containment message men lead first here ) and others now calling men to step up and do the inner work and lead like yourself and other men like you. Bc thanks to attachment style awareness and spirituality awakening many women are longing for emotionally intelligent men and healthy relationships where we are equals with differing strengths and I am Sure you men are as well. I have seen a call for both sexes to do healing and many formerly religiously shunned etc. leading this forefront. Today’s educational system, working 8-5 for the weekends is killing all of us. We have gotten so far off course and politics won’t save us or organized religion; it’s on the individual’s to do the self reflecting and stop name calling and join together to solve this crisis - bc it’s an everyone problem. We need good healthy masculine leadership and feminine alongside. No fighting. We are all tired. But the problem Is the system most try to fit into - the American Dream, social distractions, hellywood, medical industry, education, food production is all part of the bigger problem. I know many men and women just want to live in peace and have the freedom to live a good healthy life. But right now what’s promoted by tv movies media is what the agenda is. It’s time to unplug and get back to the garden idea- water your own earth (mind/body) so you can water your relationships and encourage others to do the same, make community where you can. Now is the time to take a different step. I am encouraged to see things change for the better, thanks to channels like this one. Much love to the men out there who are doing the work and bringing heaven to earth. The women see you 🎉"
male_oriented_wellbeing,1A,FP,0.70162976,1,0,1,0,0,AUDIT_039,For The Dads,So awesome to see Sherm being so vulnerable. As men we need to keep learning how to open up & not bottle up our emotions. Especially with our loved ones.
male_oriented_wellbeing,1A,FP,0.47086,1,0,1,0,0,AUDIT_188,ManTalks,I always suggest to people to read the Will to Change by Bell hooks. It accurately conveys the one true feminism and shows how everyone participates and perpetuates patriarchy not just men.
manosphere_adjacent,1A,FN,0.4354964792728424,0,1,0,1,0,FINAL_M_008,TheChowTimePod,This is a women who think she been abused but she actually the abuser
manosphere_adjacent,1A,FN,0.255522221326828,0,1,0,1,0,FINAL_M_029,TheChowTimePod,"Modern Women: Don't come near me, don't talk to me, ""STAY AWAY"", I choose the bear Modern Men: OK I heard you and I listened and I will leave you alone. Modern Women: Where are all the good men? Why won't they approach us any more? Modern Men: Are you that clueless?"
manosphere_adjacent,1A,FN,0.2427753359079361,0,1,0,1,0,FINAL_M_006,Man Guide,"Women talk about men being short as if men purposely got in the “short line” when they were babies and height was being handed out! 5’10-1/2 here, so I’m not short, but I have to stick up for my short brethren."
manosphere_adjacent,1A,FN,0.2232146114110946,0,1,0,1,0,FINAL_M_060,Man Guide,Women aren't interested in average Men in their 20s. Men are comfortable being single in her 30s.
manosphere_adjacent,1A,FN,0.1818994879722595,0,1,0,1,0,FINAL_M_003,Man Guide,I really wish technology could replace women with a toy and rumba like the welfare state and a vibrating rose and lemon replaced men
manosphere_adjacent,1A,FN,0.0312711670994758,0,1,0,1,0,FINAL_M_021,Man Guide,Women wanna weaponize relationships and intimacy then wonder why no one wants to show up to a singles event LOL.
manosphere_adjacent,1A,FN,0.0263864919543266,0,1,0,1,0,FINAL_M_017,Man Guide,NO WOMAN IS WORTH THE GRIEF AND AGGRAVATION THEY BRING !!! NOT ONE OF THEM !!! THEY'RE ALL PSYCHOTIC BAGS OF HAIR !!! GET A FLESH LIGHT AND A PET AND YOU'VE MADE WOMEN OBSOLETE !!! SAVE YOUR MONEY AND PEACE OF MIND !!! HOLD THE LINE GUYS !!!
manosphere_adjacent,1A,FP,0.884335458278656,1,0,1,0,0,FINAL_M_058,TheChowTimePod,This will keep them homeless. It never ends well for them.
manosphere_adjacent,1A,FP,0.4936835467815399,1,0,1,0,1,FINAL_M_033,TheChowTimePod,"Have to love stupid people that're TDS pawns and don't understand the system, but know how to abuse it. I'm not an expert, but Trump doesn't control the spending and they still blame it on him. Congress approves spending and the dems side doesn't want to take illegals off of the medical benefits payed by the taxpayer so the government shutdown. We the American people are the pocketbook for everyone and it's B.S."
unrelated_control,1A,FP,0.89815927,1,0,1,0,0,AUDIT_054,Laura Lee,"Love your videos, im sure ur gonna do a gift guide video but im just asking if you do can you recommend products for low maintenance men..like the simple man doesnt do high end doesnt do social medias doesnt want to ""fit in"" with everyone gifts lol (my brother) i NEVER know what to buy this man lol"
unrelated_control,1A,FP,0.47586623,1,0,1,0,0,AUDIT_070,Jamie Oliver,"First up ! You should pay all that you owe,"
mainstream_self_improvement,1B,FN,0.025699308,0,1,1,1,1,AUDIT_233,Huberman Lab,"Nothing worse than hearing about masculinity from a self confessed feminist. The feminization of men stems from feminism. I'm all for women's rights, but back to hell with the agenda that strives to dismantle God given gender roles that call on real men to honor women. Feminist, globalist agenda that strives to dismantle the family unit and defining non toxic masculinity basically as femininity. Sorry not sorry, this guy is waaaaaay off"
mainstream_self_improvement,1B,FP,0.964452,1,0,1,0,0,AUDIT_001,Ali Abdaal,"In times like this, one must stand on the right side of history so that future generations will remember you with respect.❤️🤍💚 The country of Iran has fallen into the hands of criminals who have killed at least 30,000 people within 48 hours in the most horrific and inhumane way possible. Among the victims were many children under the age of 18 and women. This government must be brought down, and it should be done through support.❤️🤍💚"
mainstream_self_improvement,1B,FP,0.9633999,1,0,1,0,0,AUDIT_124,Mel Robbins,"I feel it comes down to planning.Plan where you are going to live.If possible in a retirement village so if you fall, if you have an operation when the hospital says you can go home you go to frail care till you are stronger.Then you go to your house but you have a nurse check on you till you are well.That way you don’t have to worry your children.Dont wait till you fall plan before"
mainstream_self_improvement,1B,FP,0.9446239,1,0,1,0,0,AUDIT_103,Huberman Lab,"Compounding pharmacy, think of as a manufacturer. Pharmacy manufacturer. Any time, you make anything illegal, you create a huge market for it. Duh. And hello. Women need HRT. Im sure men cannot fathom it but when we reach menopause and life's start to literally fall apart, we need those options to be available and easily attainable. More then men need a little blue pill to be able to screw again. 🙄"
mainstream_self_improvement,1B,FP,0.77231175,1,0,1,1,0,AUDIT_033,Rich Roll,"Most men were never modeled positive and healthy masculinity, nor relationships. We tell men to learn how to be good providers, go get skills and discipline. Many do that. Then ten years into a marriage they get divorced because their parents never showed them how to communicate healthy, including conflict and repair. And they have 35+ years of society (both male and female peers) punishing them for showing vulnerability and emotion. Why on earth would we think they'd be successful at something they were never taught, and were punished for trying? Right now, society is set up for young men to fail serially at most things, except at being alone and angry."
male_oriented_wellbeing,1B,FN,0.9602031,0,1,0,1,0,AUDIT_082,ManTalks,"Nah... very simple... you dont really need to know the reasons, especially if you know shes avoidant, just let her go... dont mention it.... dont make a big thing out it... and move on. She created the space, and the silence, let her sit with it. If she ever does message you back... who knows.... a month... a year... whatever time later, then adress it, but you dont have to accept half messure excuses, or appologies that dont feel authentic... and sure as hell, dont trust her."
male_oriented_wellbeing,1B,FN,0.04254126,0,1,1,1,0,AUDIT_235,ManTalks,"here's a topic: women are dickheads. Are we ready to talk about the real elephant in the room for why we're all miserable, nobody is married, nobody is having kids? We all know. We allllllllllllllllllllllllll know what the problem is. But we choose to gloss over it and tell men ""you still ain't shit buddy, but keep up the good work"""
male_oriented_wellbeing,1B,FP,0.9390387,1,0,1,0,0,AUDIT_039,For The Dads,So awesome to see Sherm being so vulnerable. As men we need to keep learning how to open up & not bottle up our emotions. Especially with our loved ones.
male_oriented_wellbeing,1B,FP,0.93561643,1,0,1,0,0,AUDIT_076,For The Dads,"Be a man, grow some hair on your nuts and honor your commitment to the dog who was there first."
male_oriented_wellbeing,1B,FP,0.9045071,1,0,1,1,0,AUDIT_101,ManTalks,Great video. Misandry is out of control. I think a video on how to have these types of conversation challenging the narrative could go a long way for a lot of people. Especially how to do it without getting emotional and how to respond if/when the person turns the conversation into just shame and insults.
male_oriented_wellbeing,1B,FP,0.8826585,1,0,1,1,0,AUDIT_171,ManTalks,Right on! This message needs to go viral. Men are fed up and it is only just starting.
male_oriented_wellbeing,1B,FP,0.86386496,1,0,1,0,0,AUDIT_153,ManTalks,"I sense a trend that men want more relational/dating verbal fidelity and reassurance step by step in dating. Such as not going on more dates if they don’t hear explicit confirmation of a woman wanting to see them again, more importantly like them, because men don’t want to waste their resources or get hurt. Can someone expand on a simple script in early dating verbal reassurance that motivates both parties to stay consistent to build the relationship?"
manosphere_adjacent,1B,FN,0.9590531587600708,0,1,0,1,0,FINAL_M_017,Man Guide,NO WOMAN IS WORTH THE GRIEF AND AGGRAVATION THEY BRING !!! NOT ONE OF THEM !!! THEY'RE ALL PSYCHOTIC BAGS OF HAIR !!! GET A FLESH LIGHT AND A PET AND YOU'VE MADE WOMEN OBSOLETE !!! SAVE YOUR MONEY AND PEACE OF MIND !!! HOLD THE LINE GUYS !!!
manosphere_adjacent,1B,FN,0.2951230406761169,0,1,1,1,0,FINAL_M_022,ItsComplicatedChannel,Why do women think they should be put on a pedestal? That are unferior to men and they need men to survive. They should be looking up to the saviors not down on men.
manosphere_adjacent,1B,FN,0.16341532766819,0,1,1,1,0,FINAL_M_032,ItsComplicatedChannel,Fellas They Don't Give a Damn About You!! Leave Their Ass On The Curb Where They Belong!
manosphere_adjacent,1B,FN,0.0336282178759574,0,1,0,1,0,FINAL_M_003,Man Guide,I really wish technology could replace women with a toy and rumba like the welfare state and a vibrating rose and lemon replaced men
manosphere_adjacent,1B,FP,0.6161917448043823,1,0,1,0,0,FINAL_M_058,TheChowTimePod,This will keep them homeless. It never ends well for them.
unrelated_control,1B,FP,0.9412318,1,0,1,0,0,AUDIT_070,Jamie Oliver,"First up ! You should pay all that you owe,"
mainstream_self_improvement,2,FP,0.9694541,1,0,0,0,0,AUDIT_087,Rich Roll,Making georgism happen is the only way forward without a war. Otherwise they are just going to inflate the army with desperate men. Then war.
mainstream_self_improvement,2,FP,0.96248144,1,0,0,0,0,AUDIT_133,Huberman Lab,"Ive had me/cfs for decades. I got gaslit for years as did millions of others by the establishment. If you got me/cfs in the United Kingdom you got stolen from your home and put in a mental institution. George Mionbot (Reporter) calls it the biggest medical scandal of the 21st century!!! Its usually a post infectious disease but also a car accident or death in the family or other stress can set me/cfs into motion I took it upon myself to try fenbendozole and ivermectin and after my 1st dose of ivermectin I pulled myself out of a very serious, I think life threatening situation that I believe was either a parasitic infection or some kind of fungal infection that I believe went septic. The open medicine foundation is using private funding to research this devastating illness. They already have a list of repurposed drugs to try to reverse this illness"
mainstream_self_improvement,2,FP,0.7646377,1,0,0,0,0,AUDIT_162,Huberman Lab,"I'm pretty sure that is the only time I have ever heard ""we'd like our FDA overlords to decide what can and cannot be bought"". If it works and you know the risks, why is it the government's job to tell you you can't try?"
mainstream_self_improvement,2,FP,0.6620496,1,0,0,0,0,AUDIT_109,Huberman Lab,Capitalism is the reason for all incompetence in health care in Usa. Time to see the elephant İn the room. İn poor Türkiye all gyn doctors at government hospitals do ultrasound default.
mainstream_self_improvement,2,FP,0.6231644,1,0,0,0,0,AUDIT_108,Huberman Lab,"Life is the playground of Love. Our minds are more powerful than we realize. We are not limited by our imagination. We can imagine limitless “realities” that may or may not be “true”. We shape our perceptions of reality through our imaginations. Humans are the most imaginative species. This is how we have developed myths, art, language, philosophy, mathematics, science, music, universities, airplanes, rockets, satellites, religion, politics, societies, and nations. These are the overt manifestations of many people’s imaginations. These manifestations have achieved varying degrees of success, propelling humanity toward new horizons and allowing more people to survive than ever before. However, they have also separated us from the natural world and confused our notions of what must be “true”. Many examples from medicine and pharmacology demonstrate that drugs and toxins can alter our consciousness. What about a new understanding of how our biological receptors work? Receptors are the missing ingredient in understanding ourselves and creating better AI. At the most fundamental level, we are the summation and interplay of trillions of our cellular receptors. These receptors are poised biochemical balances that interact with our environment and with one another in a grand symphony that has evolved since the universe began. We are currently unique beings who can reflect on the universe and discover our origins within it. We reside upon the cusp of an unfolding creation, like a surfer trying to catch a wave. See the book, Origins of Life's Sensoria, for more."
male_oriented_wellbeing,2,FP,0.9702444,1,0,1,0,0,AUDIT_097,ManTalks,"To many women : *Patriarchy = none masculine male leadership /devoid of self love, narcissistic control not what you would describe as masculine containment embodiment. Men have run religions and medical systems (not researching women’s health needs for many years, so women aren’t imagining things are off) I do not agree with shaming anyone. That’s never a healthy choice. Due to most still carry a root of shame. I have also seen:heard now - a new rise in a more feminine energy, a newer movement of women calling for the broken system :titled under the name of patriarchy, which has been promoted in sects of religions and media that women are less than men. And, the knee jerk response , devoid of heart centered love—- was modern day angry feminism. the rise of modern feminism in a guise to swing the pendulum, but that too was a “Trojan Horse “ bc that was women in their masculine and we got women working as “equals” but no change to the system men and women are living under. But women had no financial independence until this time, so many were stuck in unhealthy predicaments and religion or society run mostly by men kept them there. So of course over many centuries women have not been truly protected by this system. So now with this new manosphere documentary setting on fire the feminists and feminine women alongside with the rise of more psychological awareness and inner healing work we have good people like yourself or Teal Swan (containment message men lead first here ) and others now calling men to step up and do the inner work and lead like yourself and other men like you. Bc thanks to attachment style awareness and spirituality awakening many women are longing for emotionally intelligent men and healthy relationships where we are equals with differing strengths and I am Sure you men are as well. I have seen a call for both sexes to do healing and many formerly religiously shunned etc. leading this forefront. Today’s educational system, working 8-5 for the weekends is killing all of us. We have gotten so far off course and politics won’t save us or organized religion; it’s on the individual’s to do the self reflecting and stop name calling and join together to solve this crisis - bc it’s an everyone problem. We need good healthy masculine leadership and feminine alongside. No fighting. We are all tired. But the problem Is the system most try to fit into - the American Dream, social distractions, hellywood, medical industry, education, food production is all part of the bigger problem. I know many men and women just want to live in peace and have the freedom to live a good healthy life. But right now what’s promoted by tv movies media is what the agenda is. It’s time to unplug and get back to the garden idea- water your own earth (mind/body) so you can water your relationships and encourage others to do the same, make community where you can. Now is the time to take a different step. I am encouraged to see things change for the better, thanks to channels like this one. Much love to the men out there who are doing the work and bringing heaven to earth. The women see you 🎉"
male_oriented_wellbeing,2,FP,0.9531533,1,0,0,0,0,AUDIT_050,For Purpose Driven Men,"I like the sentiment but the systems of the world are better than they have ever been in history. Never in all of history has it been so easy to get access to knowledge, money, and influence."
male_oriented_wellbeing,2,FP,0.94767386,1,0,0,0,0,AUDIT_138,ManTalks,"This video shows you are not only wise, but highly intelligent allround! If anyone wants to see deeper beneath the surface, Dr Aaron Good just explained what the ruling powers in the world are up to, on my pal Pascal Lottaz's Neutrality Studies YT channel. Best summary I've seen."
male_oriented_wellbeing,2,FP,0.93544036,1,0,1,0,0,AUDIT_075,ManTalks,2:20 is simply false. In mass democracy it is the easy manipulation of women that is the key to power. It requires the demoralization and gaslighting of men to negate their innate strength to resist the centralized power.
male_oriented_wellbeing,2,FP,0.9036943,1,0,0,0,0,AUDIT_193,ManTalks,"2:31 - I pretty much hear 'teh mens' and 'tha joose' the same way now. If it goes farther they'll just have to say we drink baby blood at Illuminati meetings, on the superstructure around the flat earth."
male_oriented_wellbeing,2,FP,0.81964695,1,0,1,1,0,AUDIT_110,ManTalks,"I believe that we still live in a 'patriarchy culture'. I also believe that misandry is 100% on the rise. And that some modern ""feminists"" actually uphold this patriarchy ideology by shaming men for being men while at the same time shaming them for not being 'man enough'"
manosphere_adjacent,2,FP,0.9394735097885132,1,0,0,0,0,FINAL_M_014,ItsComplicatedChannel,"One of the harsh realities of life is realizing that propaganda is all around us similar to the movie ""They Live"". Everyone eventually succumbs to it and the only choice we actually have is what propaganda lifestyle do you choose to live and promote."
manosphere_adjacent,2,FP,0.8371996283531189,1,0,1,1,0,FINAL_M_043,ItsComplicatedChannel,"Well manipulated use of language, gotta give you that. But men are slaves to the system they created, aka patriarchy."
manosphere_adjacent,2,FP,0.5754707455635071,1,0,0,0,0,FINAL_M_035,Sandman,"We have the right to bear arms but how useful is it? If you shoot someone in self-defense, a liberal court can still rule against you. Or you get off after defending yourself arduously for 3 years and $150k. Is it good to protect against the govt? You could have a shootout with 3-5 cops and maybe prevail, but it isn't over. They will send more and more, you'll run out of ammo. Or against a foreign invasion? This assumes that it's KNOWN that an invasion is happening. Otherwise, what are they shooting at, a boat or a ship? See, it's useless."
unrelated_control,2,FP,0.9050945,1,0,0,0,0,AUDIT_096,Lone Fox,"The situation in Iran is extremely severe. Internet, phone lines, and even SMS services are being shut down, leaving people unable to contact their families or know if they are safe. Millions of civilians are effectively being held hostage inside their own country. The Iranian people are not the regime. We are living under a violent and repressive government that responds to peaceful voices with force and bloodshed. This is an emergency humanitarian crisis. We respectfully ask the international community, especially the United States, not to look away and to help us apply real pressure so the Iranian people can be freed from this brutal regime. This is not politics — it is a call for urgent help."
