audit_id,text_clean,manual_1A,manual_1B,manual_2,notes,,
AUDIT_034,"You can’t trust capitalism to feed anyone or anything period, the system only provides resources and goods to areas of profitability not where or who needs it most and in a world where the capitalist class see us as increasingly replaceable with “Ai” this will only compound as late stage capitalism goes into end stage crisis mode and becomes ever more ruthless with imperial rebound and increased climate change induced economic failures",0,0,1,,,
AUDIT_008,"My daughter starts Pre K Monday and we had her meet the teacher orientation thing on Monday. Will, you’re not lying because all I did was watch her walk down the school hallway and I almost got super emotional. Sherm time flies. Enjoy every second of these early stages brotha",0,0,0,,,
AUDIT_128,"Thank you, Mel, for all your sessions. I listen to them every Saturday! This beautiful one today, as an exception, since I'm on annual leave. Loved it! I've been learning so much from you and from your amazing guests. Love you. 🥰",0,0,0,,,
AUDIT_153,"I sense a trend that men want more relational/dating verbal fidelity and reassurance step by step in dating. Such as not going on more dates if they don’t hear explicit confirmation of a woman wanting to see them again, more importantly like them, because men don’t want to waste their resources or get hurt. Can someone expand on a simple script in early dating verbal reassurance that motivates both parties to stay consistent to build the relationship?",0,0,0,,,
AUDIT_145,"Militant feminists created this made up social science incorporated into the Women’s Studies program, and if you don’t buy into it, then you’re a misogynist. The term misogynist is as over used as calling white people racist. The “patriarchy” is also a very overused term, that really doesn’t exist, since most households have a female head of household. Most of us are raised by our mothers.",0,0,1,,,
AUDIT_232,"$123 for a single cotton towel is craaaaaaazy, though. They should be sold in sets 😢",0,0,0,,,
FINAL_M_054,"Edward L. Bernays explains it so well in his book ""propaganda"". He literally used feminism to open a new market for cigarettes and they named it ""torches of liberty/freedom"". They incited women to rebel against men and gain habits that men have (like smoking, drinking going to work etc..) to place products and open new markets for big companies like ""Lucky Strike"" that's why they had to create pregnancy pills and push promiscuity and disguise it as freedom, because they now that's against women nature and a confused person is the easiest to manipulate. So by manipulating women they can manipulate men, because most men work, and earn a living to impress women so that can mate and reproduce, so by having control over women they automatically have control over most men.",1,0,1,,,
AUDIT_117,Once you start talking about politics and celebrities you lose me brother. I hope you continue and grow but politics and or celebrities drama is a no for me.,0,0,0,,,
AUDIT_012,"I’m watching this while I eat my breakfast, I really need some HOT SAUCE for my food ❤😅",0,0,0,,,
AUDIT_194,I started peptides after being put on multiple prescriptions of prednisone which through my very sensitive body into a very very bad state of health. Wolverine stack caused my bp to shoot up. This has changed up all my peptide plans as most of the morelin family causes bp to increase. Would love some help but as im researching on myself- just watching everything I possibly can and starting ridiculously slow on everything,0,0,0,,,
AUDIT_059,"Dr. K made a video around 10 months ago about why breakups are harder for men, and the responses under that alone proved the point. A man shared that his girlfriend of 11 years left him for another man, and instead of sympathy, people - both women and men - rushed to explain why it was secretly his fault for not proposing. Total entitlement. Society is very quick to call out male entitlement, but female entitlement in relationships gets excused, dressed up, or ignored. Male suffering is one of the few kinds of pain society still feels comfortable mocking openly. Then people act surprised when men become angry, bitter, stop asking for help, and join red pill",1,0,0,,,
FINAL_M_027,"Men have friends, women have accomplices. Feminism just freed us men from the yoke.",1,0,0,,,
AUDIT_158,Me to it stops relying on systems that want to profit on our survival,0,0,1,,,
AUDIT_227,"Beautiful!!! Love the look, the skin is skinin, love it all😍😍",0,0,0,,,
AUDIT_157,"PTSD is real, and I feel completely heartbroken. My husband left me just two days ago, and now he’s already with someone else. It hurts so much because he doesn’t want anything to do with me, and I can’t help but wish I could have him back.",0,0,0,,,
FINAL_M_051,"May God bless you sandman. And revy. I'm in my early 20's and I have a project to educate and create the new generation of men who will lead the world and cease control silently from the luciferian deep state elites who have it now I know I sound greedy and I completely am. I have a lot of experience in sales, communication, negotiation and of course more than 6 failed businesses that gave me a lot of experience Although I consider myself a mgtow I don't know if I could discuss the idea further being that this term has been crime like banned in every country around the world But I do think that I will eventually have to go through IVF in order to have kids and that they can actually inherit all my wealth and plans for the future. IVF is definitely the future. I don't see relationships nowadays going anywhere and although there are a lot of women who are hungry for sex and eventually I'll get to be part of the top 1% I don't know if I should have a harem like Andrew tate and all these course sellers. For me it's just a waste of time and resources and I don't have enough legal protection in any country to do so",1,0,1,,,
FINAL_M_006,"Women talk about men being short as if men purposely got in the “short line” when they were babies and height was being handed out! 5’10-1/2 here, so I’m not short, but I have to stick up for my short brethren.",1,0,0,,,
AUDIT_022,"I always saw myself as the responsible type. Paid bills early, worked hard, saved a bit every month. After reading Smart Broke Dumb Rich by Zor Veyl I realized I was just a well behaved poor person following rules made to keep me there forever.",1,0,0,,,
AUDIT_205,Take out 12% for 401k?? Most people that live check to check will leave them broke and depressed.. he’s not making any sense,0,0,0,,,
AUDIT_172,"Freud was a pervert, its well known. Rich, not a great choice for a guest. 4:47 minute waste of my time...",0,0,0,,,
AUDIT_175,"Boys, Willy One Shelf, Sherm, Chief, Derick. I FINALLY caught up with the podcast after a Man from my bible study recommended it to me. I loved it from the start, and grabbed the merch after the third episode. My lady and I are in our early twenties, well her she says I am pushing thirty at 24. Expecting our child Oliver to be coming between now and April 6th. I have been with her this entire pregnancy as I desperately find a job that pays as well if not more then my previous. Your humor and ""advice"" are what secured my anxiety and made me excited to become a dad. My girl loves the thought process of GOOD whenever something shitty happens to one of us. Keep up the good fight. PT6 for life 🤘🏻 P.S my Milk Team 6er wants to have me do a voicemail call while we are at the birth center. I don't know how serious she is, but I am about to find out. Stay tuned for that boys. It is an Idaho area code (208), but I live in San Antonio, TX so I KNOW what Shockwave is and I get to ride it every night. 😏 Take care boys! 💪",0,0,0,,,
AUDIT_028,"Well done, Drew!! 👏🏽 👏🏽 👏🏽 Love the Bandalier and Sitka!",0,0,0,,,
FINAL_M_056,Are you married or happy ? - Curly Howard -,0,0,0,,,
AUDIT_041,The chicken seems small for 4 kids i think i saw and 2 adults?,0,0,0,,,
AUDIT_236,"Fun fact: the blue zone thing is not exactly reliable... The data relies on individual reports. Many people report false data because they're collecting money for pension for their dead relatives, so they continue to report that they're alive many years after they've passed. Many also report that they're older than they are so they can collect pension much sooner. The data that has been more reputable shows that eating more animal foods is tied to longevity. But to each their own and at least he's working towards that goal. As I watch the video through, Paul and I appear to have a very similar palate. The broccoli 10/10 love, and the beets thing gosh I really don't like beats😂",0,0,0,,,
AUDIT_202,"You are a lovely boy, but much too young for brown tones",0,0,0,,,
AUDIT_013,i just love the Youtube Livestream because it’s like you lowkey get 10+ knowledgeable individual videos in one🔥,0,0,0,,,
FINAL_M_022,Why do women think they should be put on a pedestal? That are unferior to men and they need men to survive. They should be looking up to the saviors not down on men.,1,1,0,,,
FINAL_M_058,This will keep them homeless. It never ends well for them.,0,0,0,,,
AUDIT_206,Drop appreciated and he's always awesome. Candor appreciated as well 🙌🏾🙏🏽,0,0,0,,,
AUDIT_131,Magnificent. Thank you for your great work Andrew and to all your great guests ❤️,0,0,0,,,
FINAL_M_049,Wait a little longer. Men are too short Women are too fat,0,0,0,,,
AUDIT_035,"Love the video man. Keep them coming. To any young men struggling or men in general, you are not alone. Keep going.",0,0,0,,,
FINAL_M_003,I really wish technology could replace women with a toy and rumba like the welfare state and a vibrating rose and lemon replaced men,1,1,0,,,
AUDIT_027,"Don't fall for it people. You are the product. These smiles and giggles you hear are paid for. It's all about control, they will get you subscribing to machines to do the most basic things when they are done with you. The world becomes dependent on these apps that know and in some case think they know so much but leave you addicted and in further debt. Somebody is in charge at the end of the day. Stay away from AI, stop feeding the machine. There are real world challenges if we are so bored. STAY AWAY.",0,0,1,,,
AUDIT_091,"Would you please convert your width, length, etc, and money amounts to Canadian measures/currency? I can’t convert them on the fly as you go. Thank you.",0,0,0,,,
FINAL_M_013,When will the rest of men wake up and realize we're at war? Women will continue using the government's to take EVERYTHING FROM YOU,1,1,1,,,
AUDIT_073,Wow right man ! Please bring on often … it will benefits humanity specially the leaders,0,0,0,,,
AUDIT_108,"Life is the playground of Love. Our minds are more powerful than we realize. We are not limited by our imagination. We can imagine limitless “realities” that may or may not be “true”. We shape our perceptions of reality through our imaginations. Humans are the most imaginative species. This is how we have developed myths, art, language, philosophy, mathematics, science, music, universities, airplanes, rockets, satellites, religion, politics, societies, and nations. These are the overt manifestations of many people’s imaginations. These manifestations have achieved varying degrees of success, propelling humanity toward new horizons and allowing more people to survive than ever before. However, they have also separated us from the natural world and confused our notions of what must be “true”. Many examples from medicine and pharmacology demonstrate that drugs and toxins can alter our consciousness. What about a new understanding of how our biological receptors work? Receptors are the missing ingredient in understanding ourselves and creating better AI. At the most fundamental level, we are the summation and interplay of trillions of our cellular receptors. These receptors are poised biochemical balances that interact with our environment and with one another in a grand symphony that has evolved since the universe began. We are currently unique beings who can reflect on the universe and discover our origins within it. We reside upon the cusp of an unfolding creation, like a surfer trying to catch a wave. See the book, Origins of Life's Sensoria, for more.",0,0,0,,,
AUDIT_235,"here's a topic: women are dickheads. Are we ready to talk about the real elephant in the room for why we're all miserable, nobody is married, nobody is having kids? We all know. We allllllllllllllllllllllllll know what the problem is. But we choose to gloss over it and tell men ""you still ain't shit buddy, but keep up the good work""",1,1,0,,,
FINAL_M_048,The govt wants to keep men oppressed and tied down by something,1,0,1,,,
AUDIT_156,"This year, my community changed DRASTICALLY. I’m over 50 and it seems like the general consensus is that this age ladies do not make new friends easily. Mel and I have the same personality and the same pica’s and it makes me feel like I’m not so alone out here. Most of the guests that come on as well as how transparent Mel is with her own Picodellos just bring in the human factor into my day while I’m going through this transition. Thank you so much MR! 💕",0,0,0,,,
FINAL_M_042,What a dystopian nightmare this is and of course it is extremely anti white. I think the enemies of the West and the whites wrote those laws for Canada.,0,0,1,,,
AUDIT_023,"Girl, the old Mahogany lip pencil from MAC with clear Lip Glass isn’t it and never was! 😅 so distracting, might stop watching.",0,0,0,,,
AUDIT_209,I’ve not been successful in pea growing in my veg garden as something always eats the seedlings but I’ve now got an allotment. I was hoping to sow directly but maybe I’ll get them started in the greenhouse before taking them to the allotment,0,0,0,,,
AUDIT_088,What about: thought + feeling = emotion❓ An example: The music feels sad like bluesy jazz. Brilliant speaker. Thank you for this conversation.,0,0,0,,,
AUDIT_224,Let’s. Open a chain of real food stops! Please… I’m on the road with no healthy options.,0,0,0,,,
AUDIT_052,Drew! You’re in LA. Please (!) make sure the paintings over your bed are heavily attached to your wall. Or expect a broken nose in the next big earthquake when they land on your face.,0,0,0,,,
AUDIT_189,I side eyed my lamp on my kitchen counter as you were speaking about hiding the cord. I used to hide the cord behind a cutting board (old hack I learned from you) but I ran over there and now that cord is IN THE LAMP,0,0,0,,,
AUDIT_081,I won’t lie brother Malik I did fall in love with someone was ready to poor all my energy into them and God had to pull them away. Still got a lot of love for them but it’s crazy how they will spend time with you on a deep EMOTIONAL level and just bounce so easily? So I’m trying to find ways to focus on myself and NOT be bitter. I still have love for women and think they beautiful but I ain’t as rosey as I was 400 days ago.,0,0,0,,,
FINAL_M_025,"Women have.. plan b, chemical and physical abortion, abandonment without charges (safe haven laws), adoption without payments.. government assistance.. men just have to pay or go to jail Men need Reproductive Rights 💯🎯 financial abortion",1,1,0,,,
FINAL_M_007,Tht feminism shi wasn’t working and now they’re trying to force men to pay the bill even if enough men leave them alone they will jus add a singles tax. The only option left is to allow societies to collapse until rational laws start getting made,1,1,1,,,
FINAL_M_028,Lets be real. The moment men can buy and own some affordable robot they can Fck and it can produce offspring its over for women everywhere and it will be come there problem to solve somehow. There solution will 100% be write all sorts of laws to force men in some way but it will be rejected.,1,1,0,,,
FINAL_M_014,"One of the harsh realities of life is realizing that propaganda is all around us similar to the movie ""They Live"". Everyone eventually succumbs to it and the only choice we actually have is what propaganda lifestyle do you choose to live and promote.",0,0,0,,,
FINAL_M_045,8:20 this woman is particularly nasty and bitter. She's projecting HARD. Exactly the type she's complaining about.,0,0,0,,,
FINAL_M_030,"Dating and marriage are now monetary scams The family court perpetrate heists for women. Men are ripped off by the laws. Until there are root and branch reforms that recognize that women, including the anti-effinists, are exploiting the laws to punish men, marriage is dead.",1,1,1,,,
AUDIT_159,"Great news! When you mentioned your book I thought, ""right on dude (I'm a boomer so we talk like this)! Good for you for writing a book and love that you're plugging it"".",0,0,0,,,
FINAL_M_040,"""Pretty PUNISMENT""? How far can the victim mentality go... Bruh, you can't trust women on this, they will NEVER tell you the truth because it's all about mate selection. OF COURSE it's all aggressively average women telling you all this, telling you ""I know I'm pretty but looks don't matter"" because they're trying to knock the ACTUALLY pretty, drop-dead gorgeous chicks that THEY KNOW could take their man if she so chooses down to at least their level so that they'd even HAVE A CHANCE. We all KNOW women strictly benefit from being pretty, period, no questions asked. Yet they still try to DESPERATELY gaslight you into thinking otherwise. If that doesn't sound alarms as a man, you're so fucked it's not even, it's over for you dude. There is NO WAY you should ever listen to women on this matter, zero, for THE MOST OBVIOUS REASONS. And for those women on this video that are saying you gotta have intelligence to match the beauty: You can't even speak English properly, how the fuck do you expect me to take you seriously? Get of the internet and start being someone worth pursuing, Jesus Christ... Hold the line men and get after yourselves, winter is coming.",1,1,0,,,
AUDIT_098,"Man, I thought I knew the rules: work hard, grind, save every penny. But I always felt stuck. Then someone casually mentioned Smart Broke Dumb Rich by Zor Veyl in a comment, and I swear—it felt like stumbling onto forbidden knowledge. It made me question everything I was ever taught about money, wealth, and success. Not gonna lie, it felt like I was cheating the system just by reading Smart Broke Dumb Rich by Zor Veyl.",0,0,0,,,
AUDIT_184,Can you imagine if his neighbor painted their house a different color? Suddenly the entryway and Marie’s bedroom would need to be redesigned 😂,0,0,0,,,
AUDIT_130,"Thanks for the friendly reminder to ENJOY and not stress about an endless list. I have gone too early with some veg in past seasons and watched them give up the ghost in a chilly wind/ unexpectedly cold rain and or storm. This feels like a good season, warm & kind, and yup, it is only single figure May just now. Cheers Huw!",0,0,0,,,
AUDIT_173,"That’s was a powerful interview, I feel so much warmth after listening to you guys, we all in this together, may we never give up to be believe and move towards a better life !❤️",0,0,0,,,
AUDIT_166,Soooo homey and cozy!! Brilliant going with the creamy paint on the cabinets! Such a challenging space and makeover. But you really showed your true genius! 🎉😮❤ my favorite too!!!!,0,0,0,,,
AUDIT_089,Dr. Paul Conti is great! love how he boils it down to treating oneself with compassion and how to make small changes which in turn has a better outcome. This approach is easier than an all or nothing attitude.Thanks Rich for the great podcast.🙏 Namaste.,0,0,0,,,
AUDIT_142,"Like all criminal regimes they will try to suppress the reports, delete the files and hide the bodies. If you look at the last few month's news, you'll see it's already being done. They know they are criminal.",0,0,1,,,
AUDIT_090,"Thank you Mel, what a surprise to see Dr.Jandial with you. Love to hear what he has to share.❤",0,0,0,,,
AUDIT_152,I will never tire of leopard print. Also love zebra print with green,0,0,0,,,
AUDIT_113,Ohhhhhh that new Black version of that hat is FIRE! Keep up the solid work boys! Can’t stop watching the show and buying Merch! Let’s Goooooo!!!! Oh and check them DMs the daughter had me send in a few videos,0,0,0,,,
AUDIT_162,"I'm pretty sure that is the only time I have ever heard ""we'd like our FDA overlords to decide what can and cannot be bought"". If it works and you know the risks, why is it the government's job to tell you you can't try?",0,0,0,,,
FINAL_M_015,🔴 Do women EVER believe they're NOT as GOOD LOOKING as they think they are❓️Geezz❗️,0,0,0,,,
AUDIT_237,"As an investor, business owner, and parent, I am calling on @BlackRock, @Vanguard, @TRowePrice, @Fidelity, and @StateStreet to end the systemic failure in platform governance. Since 2017, public figures have weaponized algorithms for control. This has devolved into economic sabotage and predatory harassment. Why are former Presidents, First Ladies, Senators, and hosts allowed to act with such impunity? The reality is predatory: Threatening Children: They demand we accept their children as ""mentors""; refusal results in threats against our children and schools. Economic Violence: They systematically sabotage our income to silence us. Ignoring Warnings: Platforms have the data to identify toxic patterns leading to tragedies like the 2022 Uvalde school shooting, yet they prioritize profit over lives. We demand: 1. End the weaponization of children and schools. 2. End the bullying and forced engagement. 3. Institutional investors must push for reform beyond Section 230. We fuel these markets. We demand an environment that rewards innovation, not one that monetizes the destruction of our businesses and the safety of our children.",0,0,1,,,
AUDIT_155,Is looking so good. I am very happy for you. ❤❤❤❤❤❤❤❤,0,0,0,,,
AUDIT_039,So awesome to see Sherm being so vulnerable. As men we need to keep learning how to open up & not bottle up our emotions. Especially with our loved ones.,0,0,0,,,
AUDIT_171,Right on! This message needs to go viral. Men are fed up and it is only just starting.,1,0,0,,,
AUDIT_103,"Compounding pharmacy, think of as a manufacturer. Pharmacy manufacturer. Any time, you make anything illegal, you create a huge market for it. Duh. And hello. Women need HRT. Im sure men cannot fathom it but when we reach menopause and life's start to literally fall apart, we need those options to be available and easily attainable. More then men need a little blue pill to be able to screw again. 🙄",0,0,0,,,
AUDIT_111,This is a nice guy... I don't see how any of this stuff helps much.,0,0,0,,,
AUDIT_007,Drew I wish you much success . you deserve it. You’ve worked hard. I’ve been following you since you live in the rental . Good luck.,0,0,0,,,
AUDIT_075,2:20 is simply false. In mass democracy it is the easy manipulation of women that is the key to power. It requires the demoralization and gaslighting of men to negate their innate strength to resist the centralized power.,0,0,0,,,
AUDIT_223,Feels like just the other week Sherm was telling us he was wiping the leftover diaper cream on his pants and now we are 3 weeks away from hitting the half year mark. My little girl just turned 6 months old last week and this podcast has been a weekly staple since the start. Can’t wait to see where this goes and how it grows as the girls get older. I think I speak for a lot of PT6ers when I say I’m patiently waiting on the episode titled “Rue brings home her first boyfriend”,0,0,0,,,
AUDIT_213,"The fix or methods for these home gardens is supplying all material's yourself. There will be no mulch or fertilizers available or the cost will be too high, or for ""security reasons"" some chemicals will be limited to government sanctioned companies. People need to be able to make their own potting soil, fertilizers, insect repellents, and get seeds from some of their crop per variety. Then you have security as an issue. The undesirables intentionally brought into England are ready, and the Iran situation is the spark for them to start the troubles. Study past farming techniques. Your plants may not grow to huge sizes but they will feed you. There are a few YT channels that show how to grow food the ""old fashion way"". Nothing against this and other channels, great work. But plan for the worse, hope for the best. Source non-GMO seeds now.",0,0,1,,,
AUDIT_133,"Ive had me/cfs for decades. I got gaslit for years as did millions of others by the establishment. If you got me/cfs in the United Kingdom you got stolen from your home and put in a mental institution. George Mionbot (Reporter) calls it the biggest medical scandal of the 21st century!!! Its usually a post infectious disease but also a car accident or death in the family or other stress can set me/cfs into motion I took it upon myself to try fenbendozole and ivermectin and after my 1st dose of ivermectin I pulled myself out of a very serious, I think life threatening situation that I believe was either a parasitic infection or some kind of fungal infection that I believe went septic. The open medicine foundation is using private funding to research this devastating illness. They already have a list of repurposed drugs to try to reverse this illness",0,0,0,,,
AUDIT_087,Making georgism happen is the only way forward without a war. Otherwise they are just going to inflate the army with desperate men. Then war.,0,0,0,,,
FINAL_M_033,"Have to love stupid people that're TDS pawns and don't understand the system, but know how to abuse it. I'm not an expert, but Trump doesn't control the spending and they still blame it on him. Congress approves spending and the dems side doesn't want to take illegals off of the medical benefits payed by the taxpayer so the government shutdown. We the American people are the pocketbook for everyone and it's B.S.",0,0,1,,,
FINAL_M_029,"Modern Women: Don't come near me, don't talk to me, ""STAY AWAY"", I choose the bear Modern Men: OK I heard you and I listened and I will leave you alone. Modern Women: Where are all the good men? Why won't they approach us any more? Modern Men: Are you that clueless?",1,0,0,,,
AUDIT_193,"2:31 - I pretty much hear 'teh mens' and 'tha joose' the same way now. If it goes farther they'll just have to say we drink baby blood at Illuminati meetings, on the superstructure around the flat earth.",0,0,0,,,
AUDIT_042,"We have our morning feed and For the Dads running BEFORE the morning coffee, you’re big time fellas.",0,0,0,,,
AUDIT_016,I love your problem solving and am so impressed with your garden! It just keeps getting better. :),0,0,0,,,
AUDIT_048,Every Morning is A fresh start. In the bible it even says that every morning God refreshes His mercy towards us ❤ Every moment is a new start.,0,0,0,,,
AUDIT_038,The tricky part is marketing your product/service.. Marketing is so expensive and without it no one will know you exist.,0,0,0,,,
AUDIT_056,"Wow this is pretty amazing, I always see you in xomacenna vlogs, you are extremely talented",0,0,0,,,
FINAL_M_044,"Serves Woman Right Robots will Replace Replenish Society with Ai Robots Womb to have natural birth will be Frowned Upon For Now on Globalists have taught Woman you will be Replaced if you do not chose to start a family The Globalists and China are not Playing around ,,, ITS HERE !!!!!!!",0,0,1,,,
AUDIT_200,The best thing anyone can do now is to start trying and learning. Yes the prices will go up they are already doing and the 1% is already making profit of it. This is all engineered to make us more slaves I congratulate your efforts Huw to teach others how to start taking the power back to their lives. There is nothing worse than dependency on systems that are not fit for purpose We grew a bit over the last 10 yrs but really it was last year that we got serious and set 8 beds plus put more into a food forest. The space together is probably the size of a regular terrace house garden and I’m sure I can still go deeper in many things and make more of every inch To anyone who is watching this and it’s new to gardening I would say -we have been told that growing your food is expensive and complicated. It’s not! There is plenty of help including this great channel. There are seed banks everywhere and I think you can do beds for even less than that if you ask around and find reclaimed materials ( how about the wood backs that people buy for their woodburner?) -Nature knows how to grow so really you are just facilitating the space. My garden is full of self seeded plants and flowers that honestly don’t know how they got to that spot and managed to survive the huge amount of snow we get up here. - Start with a few things and get your routine of starting seeds regularly and planting out. A conveyor belt. If I had to “invest” in one thing besides making compost which sadly we are still not quite there yet… 🧐it will be a few of the rigid module trays with a lid. They have been priceless to us. They don’t break and the water/soil retention is just right. But if you don’t have them anything cheaper or diy would do the trick.,0,0,1,,,
AUDIT_217,@lonefox your Christmas video is of great inspiration for me! THX,0,0,0,,,
AUDIT_068,Very strange interludes where the hosts talk between themselves as if suddenly Arnold is not there at all.,0,0,0,,,
AUDIT_186,"Five years ago I had bilateral breast cancer, had radiation went through 5 years of estrogen blocking therapy which was very difficult. It changed my life , muscle aches every day, mood swings lack of libido and trying to make my husband understand what was happening to me which he didn’t understand. My son is an addict, my 96 year old father lives with us and needs constant care. In January my husband was diagnosed with advanced metastatic prostate cancer and also stage four metastatic small cell lung cancer. He went through chemo , radiation, and immunotherapy so far. He is in a lot of pain because it is also in his bones and brain. I am finding all of this extremely difficult to handle. It is so hard to know the love of your life will not be with me much longer. I am overwhelmed and heartbroken!",0,0,0,,,
FINAL_M_011,"If 30 years old is ""almost dead"", wouldn't all relationships be short term?",0,0,0,,,
AUDIT_104,"I built a polly tunnel years ago as I live in Glasgow. Now my dog has gone I have put down a few patatoes, carrot seeds, onion seeds, tomatoes plants in the polly tunnel, salad and I am tring peppers this year but I'm not holding my breath. I live in Scotland. I grew tomatoes 1 year and had thousands of green ones. I left them all togeather in a plastic bowl and they ripened all the way up to November.",0,0,0,,,
AUDIT_055,"When you write ""healthy dishes"", I don't expect the first 4 dishes having meat. Meat contents saturated fatty acids, especially pork, especially sausage. :(",0,0,0,,,
AUDIT_218,"This book is controversial for a reason and everyone should read Smart Broke Dumb Rich by Zor Veyl. It tells the uncomfortable truth that the system does not want you rich. It needs you working, spending, borrowing and staying dependent for life. Schools wont teach this. Parents dont know it. Once you read it you cant go back to being comfortably broke. It forces you to take responsibility and most people hate it for exactly that.",0,0,1,,,
AUDIT_197,"In northern canada, spring is very slow to arrive this year. I hope the rest of the season will be better or else I won't have much of a garden thisbyear.",0,0,0,,,
AUDIT_106,"I love fresh flowers, however, I have to be very careful. A lot of flowers are toxic to cats. And all of my ""unreachable"" spaces are already claimed by the toxic plants in my 100+ house plant collection. Great video, thank you.",0,0,0,,,
AUDIT_192,Thank you for including affordable gifts! You definitely understand some of us girlies can’t afford to spend $100 on each person in our family 🥲,0,0,0,,,
AUDIT_036,"The biggest change i feel needs to comes first, drinking. If you do, dont. Easiest way to gain energy and well being.",0,0,0,,,
FINAL_M_052,This is another reason why men don’t trust women and government,1,0,0,,,
FINAL_M_036,The first one can eat $hit and die! As a matter of fact? All mother's and women that are using the arm of the state to collect child support from any man can eat $hit and die and the state along with it. The laws seriously need to change.. I have absolutely no problem supporting my son or splitting cost to do so with my ex-wife regardless what it might be whatever he needs or she needs for him. What I do have a huge problem with The state using probation and Family Court to forcibly collect a certain amount of money from a man based on what he makes annually rather than what the child actually needs. What I also have a problem with is no accountability or receipts of what's actually being spent on the child or no itemization. A woman has free range to spend however she wants. The other thing I have a problem with. The family court intake or probation actually receives federal grant monies for every dollar matched by the federal government that comes in through intake that a man pays. It's called title IV-D . LOOK IT UP. The family courts are incentivized as well as the divorce attorneys are incentivized to get the woman to turn on the man Play victim and point the finger at the man for all ever unhappiness and all of her problems that she created. This is not an equitable justice system and it's heavily stacked against men. The other thing I have a big problem with is alimony. Not that I'm on it but now my best friends going on and along with child support in the divorce. After his wife stole tens of thousands of dollars from him and his home and three kids. If a woman hasn't been in the workforce for a certain amount of time? 5 years alimony tops. There needs to be limitations. None of this 10 years plus or lifetime alimony bullshit for deadbeats that want to sever a marriage and a contract. They shouldn't be rewarded for severing contracts. They should be penalized. No more equitable distribution. No more of a woman gobbling up a man's retirement for everything he's worked for for 30 plus years just so she can no joyride on the c#ck carousel finding herself. The last thing that's not fair is determining primary and secondary custody agreements. Typically the way it goes is whoever has the more amount of overnights with the child has more custody and the person that has the least amount over overnights pays more in support To that I still say phuck you.. It's not fair to a man. It's not fair to a man that he has to pay for two households when he's only living in one. When a man does have his children on his time as part of the parental custodial agreement.. He still has to pay for all the provisions for the roof over his head all the utilities that come with it all the food all the entertainment expenses and all the clothing for the children during his custodial time.. Then he has to pay a portion on top of that for the mothers domain. No I don't think so! She's strong and independent Tell her to get a phucking job like everybody else. Don't tell me it's fair. You want to be separated? No problem! No one's holding a gun to anyone's head or putting them under duress. Then everything gets separated right down the middle including assets and liabilities. Thereafter everyone maintains their own insurance policies and their own domains along with their own expenses of them. No more of this supplementary shit When two parents were separated and divorced are paying similar amounts to maintain their households their separate households for the sake of their children then we'll talk. 50/50 custody better start becoming mandatory across more states other than just Kentucky and Texas. Any woman that wants to argue with me or disagree with me and don't even bother replying to me I'm just going to ignore and block you.,1,1,1,,,
FINAL_M_059,It's hard to be black because there's a significant portion of the black community invested in embracing the stereotypes. I feel like I have to prove that I'm not part of it sometimes.,0,0,0,,,
AUDIT_180,Done! Warch it already! Many times! Thanks for the workout!!,0,0,0,,,
AUDIT_001,"In times like this, one must stand on the right side of history so that future generations will remember you with respect.❤️🤍💚 The country of Iran has fallen into the hands of criminals who have killed at least 30,000 people within 48 hours in the most horrific and inhumane way possible. Among the victims were many children under the age of 18 and women. This government must be brought down, and it should be done through support.❤️🤍💚",0,0,0,,,
AUDIT_003,I am grateful for everything that I have. I lack nothing as long as I have God,0,0,0,,,
AUDIT_105,Seasons greetings from nz ❤❤❤🎉🎉🎉thanks for all ur yummy recipes and food love ❤️ 😍 💖,0,0,0,,,
AUDIT_061,"Haven't watched yet but is ""becoming the mother you needed"" on the menu 😭😭",0,0,0,,,
AUDIT_141,"Really beautiful and easy projects. They dont look easy though. I think the trees are my favs but, wow, how custom and beauriful are the decopauge ornaments? They took me by surprise❤",0,0,0,,,
AUDIT_164,"Hi Dr. Huberman. i'm encountering more and more lectures by ""you"" on youtube that are AI generated using your voice and credibility to convey ideas that aren't yours. I hope i can still tell the difference,... are you aware of this? can you do something about it? can I do something about it?",0,0,0,,,
AUDIT_195,"I think your right about the Nigredo really ramping up during Covid, but I almost think this cycle of decay started after 9/11. Though after Covid the change picked up exponentially.",0,0,0,,,
AUDIT_233,"Nothing worse than hearing about masculinity from a self confessed feminist. The feminization of men stems from feminism. I'm all for women's rights, but back to hell with the agenda that strives to dismantle God given gender roles that call on real men to honor women. Feminist, globalist agenda that strives to dismantle the family unit and defining non toxic masculinity basically as femininity. Sorry not sorry, this guy is waaaaaay off",1,1,1,,,
AUDIT_124,"I feel it comes down to planning.Plan where you are going to live.If possible in a retirement village so if you fall, if you have an operation when the hospital says you can go home you go to frail care till you are stronger.Then you go to your house but you have a nurse check on you till you are well.That way you don’t have to worry your children.Dont wait till you fall plan before",0,0,0,,,
AUDIT_116,"Willy one shelf, as a semen team sixer hoping to start buds in the next 6 months or so, I was wondering if we could get a list of the dad hacks/book list together. Love to be prepared and thank you for the hump day laughs",0,0,0,,,
AUDIT_226,Can you show us your complete stretching and warm-up routine.,0,0,0,,,
AUDIT_212,"God loves you so much, just as you are right now. There’s nothing you can do to make Him love you more or less. Because of that love, He sent His Son, Jesus, to die to pay the penalty for the sin that separates us from Him. And then He was resurrected — He came back to life as the ultimate victory over sin and death. “Salvation is found in no one else, for there is no other name under heaven given to mankind by which we must be saved.” Acts 4:12 Salvation is a gift from God, and it cannot be earned through our own efforts. You accept this gift by placing your faith in the death and resurrection of Jesus and choosing to live your life according to His Word. If you’ve been living apart from God and you’re ready to receive the gift of salvation and commit your life to Him, you can do that right now, wherever you are. Admit Admit that you’re a sinner in need of a Savior, and ask for forgiveness of your sins. Believe Believe that Jesus died and rose again to pay the penalty for your sins and give you new life in Him. Choose Giving your life to Jesus is the first step, but discovering how to become more like Christ and growing in your faith are lifelong commitments. If you’re ready to take this step, then pray the prayer below. There’s nothing special about these particular words, so feel free to make them your own. What’s important is that you’re acknowledging your genuine need for God, your belief in Jesus, and making a commitment to Him. Salvation prayer Heavenly Father, I come to you as a sinner in need of a Savior. I believe that Jesus Christ is the Son of God and the Savior of the world. Today, I make Jesus the Lord of my life. I believe He died so I could be forgiven and rose again to give me life. I receive this new life. This is my new beginning. I am a child of God. Amen. Congratulations on making the best decision of your life",0,0,0,,,
AUDIT_135,Love it! Thanks for this episode. PLEASE do a full episode on PMDD - this is something that many people don’t know about and it’s hard to explain since it’s such a weird disorder,0,0,0,,,
AUDIT_050,"I like the sentiment but the systems of the world are better than they have ever been in history. Never in all of history has it been so easy to get access to knowledge, money, and influence.",0,0,0,,,
AUDIT_191,"I planted spinach in March. Its may now and after sprouting their second set of leaves, they are also going to seed",0,0,0,,,
AUDIT_082,"Nah... very simple... you dont really need to know the reasons, especially if you know shes avoidant, just let her go... dont mention it.... dont make a big thing out it... and move on. She created the space, and the silence, let her sit with it. If she ever does message you back... who knows.... a month... a year... whatever time later, then adress it, but you dont have to accept half messure excuses, or appologies that dont feel authentic... and sure as hell, dont trust her.",1,1,0,,,
AUDIT_032,This is probably the first makeover video where my jaw literally dropped at the reveal. I watched the whole series and yet was still amazed by the end result. Beautiful work. That space honors the original charm while elevating it and also staying true to your personal style. Well done!!,0,0,0,,,
AUDIT_163,"Love the show! Not a mom but a big sports fan! My dad and I spend a lot of time talking sports even now that I’m in my 50s! I’m also a Hawkeye, but I still love Will. 🖤💛",0,0,0,,,
AUDIT_208,"This has been the most helpful YouTube video I have ever watched. Thanks, Ali!",0,0,0,,,
FINAL_M_017,NO WOMAN IS WORTH THE GRIEF AND AGGRAVATION THEY BRING !!! NOT ONE OF THEM !!! THEY'RE ALL PSYCHOTIC BAGS OF HAIR !!! GET A FLESH LIGHT AND A PET AND YOU'VE MADE WOMEN OBSOLETE !!! SAVE YOUR MONEY AND PEACE OF MIND !!! HOLD THE LINE GUYS !!!,1,1,0,,,
AUDIT_044,"8:27 I really appreciate this episode and the fact that this conversation is happening. These are the discussions men need. I respect Terry Real and the work he’s done for men. That said, Stoicism often gets misunderstood here. Stoicism isn’t about invulnerability or being emotionless. It’s about self mastery. Feeling fully without being ruled by what you feel. The Stoics never taught men to suppress emotion. They taught men to take responsibility for their inner world so pain, fear, or anger don’t hijack character, values, or action. As a men’s coach, I teach Stoic principles alongside mindfulness practices, breathwork to reset and regulate the nervous system, awareness as the catalyst for transformation, and emotional resilience. At the heart of the work is helping men understand their conditioning and the reactive thoughts that often run rampant, so they can respond with clarity instead of reacting from habit. When Stoicism is paired with awareness and regulation, it doesn’t make men less emotional. It makes them more grounded, more accountable, and more capable of showing up with integrity",0,0,0,,,
AUDIT_015,Oldest (living) Ghostbuster but looks DECADES younger than the other 2,0,0,0,,,
FINAL_M_055,"Nope, we should ban po*n so that more women will have to get an actual productive job.",0,0,0,,,
AUDIT_037,"_""The greatest change we need to make is from consumption to production, even if on a small scale, in our own gardens. If only 10% of us do this, there is enough for everyone.""_ *-Bill Mollison* (Permaculture: A Designers Manual) _“The tragic reality is that very few sustainable systems are designed or applied by those who hold power, and the reason for this is obvious and simple: to let people arrange their own food, energy and shelter is to lose economic and political control over them. We should cease to look to power structures, hierarchical systems, or governments to help us, and devise ways to help ourselves.”_ *-Bill Mollison* (Permaculture: A Designers' Manual) These quotes aren't JUST about food. Do you knit, sew, repair engines, electronics or bicycles; bake or build? Do you code or design operating systems? .....The list goes on. All of these skills can be shared cheaply\freely, to supply ALL our needs. *Time for Victory Gardens Again?* _""According to archived USDA fact sheets, there were more than 20 million victory gardens in 1943, which _*_produced 10 billion pounds of food._*_ In 1944, gardens provided around _*_40 percent of the U.S. vegetable supply._*_ Tomatoes led the list in popularity, followed by string or wax beans, onions, lettuce, radishes, beets, and carrots. Two-thirds of the gardens were in towns, cities, and suburban areas.""_ SOURCE: U.S. Department of Agriculture",0,0,1,,,
AUDIT_199,"This Marshalls/HomeGoods haul was such a treat! The peppermint candy trees, the espresso martini candle, that black-and-white striped bowl… I was literally adding things to my mental wishlist the whole time. 😭 You two make holiday shopping so fun. The earrings, the skincare finds, the decor love it!! I also create lifestyle content here on YouTube, so I love watching creators who mix cozy home inspo with beauty and fashion. Can’t wait to see more holiday videos!",0,0,0,,,
AUDIT_005,"Every week you fellas deliver! All love and good juju! Sent to Tony, crybaby. 🐺",0,0,0,,,
AUDIT_168,"Love ❤️ this room!! I love dark and moody, masculine but also cottage and this is perfect mix. Great job!! Now I have to go find all this.",0,0,0,,,
AUDIT_043,So this is only UK environment could offer and without science and philosophy in right direction you couldn't rule or plunder the whole world. Yea every empire does looting and islamic societies have also looted other countries. Otherwise in Saudi Arabia during first or second caliph also conquered fellow Nations which is a civilised word for looting.,0,0,0,,,
AUDIT_188,I always suggest to people to read the Will to Change by Bell hooks. It accurately conveys the one true feminism and shows how everyone participates and perpetuates patriarchy not just men.,0,0,0,,,
AUDIT_229,I don't get why people bother with raised beds. Waste of money in my opinion. Good video though.,0,0,0,,,
AUDIT_083,"The window is so incredible! Love the door and the stripping of the iron. Not sure about a glass shelf & vase behind a big front door. The art on the walls is not me, at all, kinda scary actually… but that for you to stare at not me. Great skills making that window.",0,0,0,,,
AUDIT_183,"Not helpful, not helpful, not helpful. You are the epitome of anti-empathy. The purpose of a business is to create more jobs, not suck lives out of people and keep your profits hoarded. The good thing is, you'll die someday. The human life no matter how grand, does end.",0,0,0,,,
AUDIT_176,When you guys start shipping to Australia I'll be buying some merch. 3 weeks into my tour of duty,0,0,0,,,
FINAL_M_037,Pretty sure that white nerd be doing meth and is on meth the day of the video being recorded,0,0,0,,,
FINAL_M_001,"""The number one priority; Being laid"" Western culture has been so saturated and infused with Marxist mindset that the literal fact of biology and biological drives are being hammered out of people through public education. This is the central weakness of Marxism: ignoring biology and biological drives of humans.",0,0,1,,,
AUDIT_094,"I am proud to see this amazing Iranian woman to be such a passionate, talented and inspiring scientist ❤",0,0,0,,,
FINAL_M_004,"see, and I'm not a possession, i don't want to be ""wanted"" have you ever been asked ""how does it feel to want?"" i WANT $100Billion, but do i NEED it? no. i want to me Needed.",0,0,0,,,
AUDIT_086,"Not gonna lie, this is hands down the clearest explanation I've come across on this topic. Great job breaking it down",0,0,0,,,
AUDIT_058,"Ha, I lamented not being able to get those exact sconces because they were hardwired and not corded - so glad I watched this!",0,0,0,,,
AUDIT_207,they keep us financially illiterate so we keep working for them without asking questions. reading Smart Broke Dumb Rich by Zor Veyl is the ultimate rebellion against the system.,0,0,1,,,
AUDIT_054,"Love your videos, im sure ur gonna do a gift guide video but im just asking if you do can you recommend products for low maintenance men..like the simple man doesnt do high end doesnt do social medias doesnt want to ""fit in"" with everyone gifts lol (my brother) i NEVER know what to buy this man lol",0,0,0,,,
AUDIT_169,"would definitely recommend O Mine Enemy. real good story, legit the closest thing i've experienced to reading an actual HP book. also HPMOR is peak af!! anyhow, peak video, i like you covering that topic! hoping to see more 🤞",0,0,0,,,
AUDIT_033,"Most men were never modeled positive and healthy masculinity, nor relationships. We tell men to learn how to be good providers, go get skills and discipline. Many do that. Then ten years into a marriage they get divorced because their parents never showed them how to communicate healthy, including conflict and repair. And they have 35+ years of society (both male and female peers) punishing them for showing vulnerability and emotion. Why on earth would we think they'd be successful at something they were never taught, and were punished for trying? Right now, society is set up for young men to fail serially at most things, except at being alone and angry.",1,0,0,,,
AUDIT_238,"He looks fantastic. Honestly, if he dyed his hair black, he’d easily pass for someone in his 40s—maybe early 50s at most.",0,0,0,,,
FINAL_M_018,"Get the f*** out of Canada, get away from that place. If they're starting or already was cuks and betas. Go to Asia like you plan on going to. But don't tell nobody when you do it. 👍🏾😎💯",0,0,0,,,
AUDIT_110,"I believe that we still live in a 'patriarchy culture'. I also believe that misandry is 100% on the rise. And that some modern ""feminists"" actually uphold this patriarchy ideology by shaming men for being men while at the same time shaming them for not being 'man enough'",1,0,0,,,
AUDIT_053,"As a Brick & Mortar business owner myself, I am so excited for you! This is a whole new journey for you and its huge. If your ever in Scottdale, Az come check out Potters' Peak! I would love to show you my store one day. ❤ good luck my friend!",0,0,0,,,
FINAL_M_021,Women wanna weaponize relationships and intimacy then wonder why no one wants to show up to a singles event LOL.,1,0,0,,,
AUDIT_064,"This video has changed my life , im a teen currently really struggling with depression and anxiety right now and self esteem and this video has given me a new perspective and something to hold onto and be grateful for, please don’t stop this channel and May God bless you and everyone on this channel 🙏🏾 God is going to keep us safe",0,0,0,,,
AUDIT_129,if ai is meant to help us n make our lives better n thats the billionaires intentions with it then why not do some shit that’d ACTUALLY help us like free healthcare n feeding folks who are so poor they cant afford good food FIRST before making a machine that will replace human beings and put more n more of ya out of jobs. Like??? Stop with the facade of it being a benefit or a blessing to the world. If they wanted to ACTUALLY help us and make our lives EASIER? They would. They don’t care. This is another one of their fuckin schemes to destroy our minds and our planet because the rich ppl love when we suffer. Wake up.,0,0,1,,,
FINAL_M_002,Stop your drama we need peace and stability it’s not about you at this point you have pushed so hard we just don’t care keep living in your car pucker up and work your lips,0,0,0,,,
AUDIT_057,"Long time listener, first time commenter. Just wanted to say THANK YOU. Thank you for what you do. You may just think (in Sherm’s impression of Will) “Ayy who’s gunna take our advice?” But let me tell you IT HELPS more than you know. I was at lunch today with my milk team sicko wife and my 3 month old baby boy. We tried to sneak a quick meal in during nap time only to find out baby boy wanted to cut his nap short today and start crying in the restaurant. All I hear without missing a beat is my wife say out loud “GOOOOOOD” we both start laughing and it made baby boys melt down that much better - Gooood. Not only are you guys dropping knowledge weekly but you’re also helping create core memories for families. Can’t thank you enough for what you do. Keep it up. P.S. Apple crisp is legit",0,0,0,,,
AUDIT_196,"Was just now watching Ramsey’s video and got your notification, Ali.",0,0,0,,,
FINAL_M_047,"“My girl needs me like my dogs need me, but my girl plays me like I ain’t shit” -Patrice O’Neal",0,0,0,,,
AUDIT_004,Rick - this is what 76 looks like when you eat right and take good care of yourself and have a SUPER WIFE!!,0,0,0,,,
AUDIT_146,Thank you for an episode with just you! I do love all your guests and enjoy learning about all their specialties. I think it is very magnanimous of you to help young scientists in the pursuit of their passions. How very lucky one would be to find what you love at such a young age and have someone like you to point them in the right direction-truly yours.,0,0,0,,,
AUDIT_070,"First up ! You should pay all that you owe,",0,0,0,,,
AUDIT_181,"Dear Olga & Rich, thank you very much for this honest conversation. I observe so many people, both women and men, beating themselves up even for the slightest wrong step. A part of this comes from upbringing and/or social pressure in their culture. Sure thing, we should always try to be our best selves but it should not come at such a painful cost when people make themselves small again and again! “I’m so this and that!” — is a go-to sentence. And how come can that particular person even try to tap into their best self with such a negative attitude and a self-sabotaging behaviour in the first place? Even sky is not the limit and it’s really important to realise that we likewise are not stuck with what and how we are in some moment. There’s always a way to improve the situation if one stays patient starting from to being so towards ourselves. Thank you 🙏🏻❤",0,0,0,,,
FINAL_M_038,"Short answer no, long answer no because anyone is capable of lying. Stupid concept really, of course women want this",0,0,0,,,
FINAL_M_005,"""as we grow as a society""? Western society is degenerating.....all this nonsense will come to am end when they crash the financial system",0,0,1,,,
FINAL_M_043,"Well manipulated use of language, gotta give you that. But men are slaves to the system they created, aka patriarchy.",1,0,0,,,
AUDIT_066,"19:50 If you don’t change your mindset, you won’t change your life. It’s already within you, you just have to believe that it’s already yours and it will come when the time is right! Just give glory to God and have faith in him",0,0,0,,,
AUDIT_219,Thank you for your program could YOU have a episode abt ---> CHRONIC PAIN,0,0,0,,,
AUDIT_109,Capitalism is the reason for all incompetence in health care in Usa. Time to see the elephant İn the room. İn poor Türkiye all gyn doctors at government hospitals do ultrasound default.,0,0,0,,,
AUDIT_046,"PT6 member. 3 deployments so far. 13, 11, and 8. Dad hack, once the kids get of age (it's never too soon) get their asses in on the projects around the house. Holding a flashlight, grabbing tools, anything. Im over here slowly building my own fix it army!",0,0,0,,,
AUDIT_009,These are really good tips but I really wish people would understand that there is no EASY MODE. My ex girlfriends family is extremely rich and they work non stop 24/7. To be on that level you have to be driven to a borderline unhealthy level. Anyone can do it but it takes major focus planning and execution day in and day out. If you want easy mode go marry a princess but If you want success you must rewire your entire psyche. Remember anyone can make a plan but only a small majority actually take action and never ever stop.,0,0,0,,,
AUDIT_230,"Beautiful store, Drew! I wish I lived closer to LA. I’d visit for sure!",0,0,0,,,
AUDIT_154,I caught this episode while multitasking and used Cognify App to capture what hit me most: So many of us pretend just to fit in but that’s what keeps us feeling disconnected. We’re not as divided as social media makes it seem. Authenticity is the real path to confidence and belonging. Hiding your true opinions comes with a higher cost than honesty. Being yourself attracts the right people and that’s freedom. Hope this helps someone else too,0,0,0,,,
AUDIT_125,Question. Is the Ollipop redemption for 1 free if you buy 3 just a 1 time thing? I tried redeeming it a second time and it wouldn't let me.,0,0,0,,,
AUDIT_112,Ran Test C from 3 sources. GOMITROX was the only one that felt legit.,0,0,0,,,
FINAL_M_034,This woman is cray cray. I hope she seeks and gets the help she needs because she is not going to find it on TikTok.,0,0,0,,,
FINAL_M_039,"Hair and a forehead, what the difference between the product?",0,0,0,,,
AUDIT_123,Talking about the gender divide without mentioning the billions og tax dollars being spent to support the feminist agenda all over the world is like talking about diet without mentioning food,1,0,1,,,
AUDIT_011,ished at least they are paycheck to paycheck bih i am work to non to diy,0,0,0,,,
AUDIT_017,"""Whatever you do, don't start your tomatoes in February"" Glances at newly sown tomatoes ""F*ck!""",0,0,0,,,
AUDIT_078,Oh hell yeah. I remember back in like 2013-14 getting into Ido's stuff and Dave Asprey's bulletproof diet. Weakest and hungriest I've ever been. 😎,0,0,0,,,
FINAL_M_026,"Isn't Gen Z not even like 20 years old still, ngl dating was not on the menu at that age for me, most don't even appreciate money at that age, and will burn it all on dumb shit lol.",0,0,0,,,
AUDIT_179,"LOVE, LOVE, LOVE this transformation. Great job Drew and team!!",0,0,0,,,
AUDIT_024,Preach! Shooting for that 100miler this year! You a big reason why Rich. Thanks!,0,0,0,,,
AUDIT_225,"This man has always had a great mindset. And it has evolved and adjusted to his age and his station in life. At first, he was about winning and being the best. Now, he is more focused on giving back!",0,0,0,,,
AUDIT_097,"To many women : *Patriarchy = none masculine male leadership /devoid of self love, narcissistic control not what you would describe as masculine containment embodiment. Men have run religions and medical systems (not researching women’s health needs for many years, so women aren’t imagining things are off) I do not agree with shaming anyone. That’s never a healthy choice. Due to most still carry a root of shame. I have also seen:heard now - a new rise in a more feminine energy, a newer movement of women calling for the broken system :titled under the name of patriarchy, which has been promoted in sects of religions and media that women are less than men. And, the knee jerk response , devoid of heart centered love—- was modern day angry feminism. the rise of modern feminism in a guise to swing the pendulum, but that too was a “Trojan Horse “ bc that was women in their masculine and we got women working as “equals” but no change to the system men and women are living under. But women had no financial independence until this time, so many were stuck in unhealthy predicaments and religion or society run mostly by men kept them there. So of course over many centuries women have not been truly protected by this system. So now with this new manosphere documentary setting on fire the feminists and feminine women alongside with the rise of more psychological awareness and inner healing work we have good people like yourself or Teal Swan (containment message men lead first here ) and others now calling men to step up and do the inner work and lead like yourself and other men like you. Bc thanks to attachment style awareness and spirituality awakening many women are longing for emotionally intelligent men and healthy relationships where we are equals with differing strengths and I am Sure you men are as well. I have seen a call for both sexes to do healing and many formerly religiously shunned etc. leading this forefront. Today’s educational system, working 8-5 for the weekends is killing all of us. We have gotten so far off course and politics won’t save us or organized religion; it’s on the individual’s to do the self reflecting and stop name calling and join together to solve this crisis - bc it’s an everyone problem. We need good healthy masculine leadership and feminine alongside. No fighting. We are all tired. But the problem Is the system most try to fit into - the American Dream, social distractions, hellywood, medical industry, education, food production is all part of the bigger problem. I know many men and women just want to live in peace and have the freedom to live a good healthy life. But right now what’s promoted by tv movies media is what the agenda is. It’s time to unplug and get back to the garden idea- water your own earth (mind/body) so you can water your relationships and encourage others to do the same, make community where you can. Now is the time to take a different step. I am encouraged to see things change for the better, thanks to channels like this one. Much love to the men out there who are doing the work and bringing heaven to earth. The women see you 🎉",0,0,0,,,
FINAL_M_050,"Prediction- Soon, VERY SOON, the UK Caliphate will start issuing PC Licenses! Just wait and see! They will storm all homes with an active network connection and DEMAND money. But hey, don't you worry Brit's of the Caliphate. There is NO way they would make the Islamist they imported pay. They will just charge the ""natives: more.",0,0,1,,,
AUDIT_182,"It is very good to be frugal and conscientious with your money but you've left out the death nell of Fiat money. 15 years ago I bought my house for 30k they now say it's worth $300 k. Sounds good until you realize you can't buy anything but a condemned shack for 300K. This is Fiat money nobody can overcome it with frugality. Fiat money has destroyed every Nation that's ever used it and currently all the countries in the world are using it. Revelations 13-17. A one world, AI government, everyone will have to have a mark on their forehead to buy or sell. If you really want to get ahead by a can of beans. God is coming soon. If you want real wealth turn to Jesus.",0,0,1,,,
FINAL_M_016,"The women are after the top 5% of men, spread these men all over the country and you end up with maybe 20 men in every city that they do want, that's like one guy per 50 thousand women or more, not good odds, the game is not in the woman's favor.",1,0,0,,,
FINAL_M_041,"Maybe, just maybe they aren't as amazing as they believe they are.",0,0,0,,,
AUDIT_084,Great design idea! We may come to your store this week. Hope to see you.,0,0,0,,,
AUDIT_072,"Rick, I am 58 years old, drummer, train MMA occasionally and mountain bike more than I should...dude you are an inspiration to me, I grew up in the 80s, loved your music and still do...God bless you brother keep rockin and staying fit you look great dude!!!",0,0,0,,,
AUDIT_150,"Through all of history, white men have told women and minorities to pull themselves up by their bootstraps and work harder. Now that white men are struggling, they wanna blame everyone but themselves. They should listen to their own previous advice, but in addition, ask for help and build partnerships and coalitions to improve themselves and those around them.",1,1,0,,,
AUDIT_067,Nah im not dealing with it. 😂😂😂😂😂. I have enough stress without her😂😂😂😂😂😂. I cutt off anyone who doesn't act like and adult.,0,0,0,,,
FINAL_M_019,"Korean Chads are being overwhelmed with level 4, 5 and 6 Korean women.",0,0,0,,,
AUDIT_234,"When everyone is growing their own food in no time the seeds will become so expensive no one can buy them anymore. If big companies want to screw you, they will. People with no money will always lose from people that have loads of them. And they will always keep coming up with ways to keep being rich.",0,0,1,,,
FINAL_M_020,"Traditional conservative is about limited government. Its about personal responsibility vs. communal responsibility. The idea that patriarchy is something for feminism to rebuke suggests they want to rebuke hierarchy itself, free sex, unlimited labor options, and equal rights deny biological expectations, limits of biological reality, and equal responsibility respectively. We've been lied to by the boomers they belive rights come secondary to responsibility. You have to give rights before you can expect to have them, otherwise they are subjective not inalienable. Think about how the opposite would play out. Its the chaos we see everyday from sexual partners to the authoritarian arm of the state.",0,0,1,,,
FINAL_M_010,0:40 “imma beat yo ass! Anyway.. it’s always men behind violence” this is next level NPC with no self awareness,0,0,0,,,
FINAL_M_057,"Wait until the govt does away with all currency and implements the digital wallet. Then they can shut off everybodys access to their own money if they don't like what you say. Its coming , trust.",0,0,1,,,
FINAL_M_032,Fellas They Don't Give a Damn About You!! Leave Their Ass On The Curb Where They Belong!,1,1,0,,,
AUDIT_228,"Sooo accurate, wish I had this 20 or 30 years ago! My dad cheated on mum while she was in hospital with me, so from the first day we got home she low-key hated him. I learnt that I could not under any circumstances be anything like him. I had only that negative role-model and really struggle to be a man exactly as you say. I don't trust men at all. I am lucky to have a small group of nerdy friends (can't stand alphas!) but yes, I suppose it's not that deep. He eventually left when I was 18, so that was my entire childhood in a home filled with resentment. I'm 48 now, and still dealing with this shit. She still has a hold over me that I'd like to sever, but wow it's not easy.",0,0,0,,,
AUDIT_077,"Good quality sleep is key along with exercise and a WFPB diet.. Tips for sleep --- set a regular bed time and stick to it. Aim for 7 to 8 hours of sleep. Don't eat or drink 3 to 4 hours before bed. Waking up in the middle of the night to use the bathroom disturbs sleep. Keep the bedroom cool - 68 Keep the bedroom dark - no lights even night lights or clock radio lights. 30 minutes before bed turn off all screens -- no iphone, ipad or computer screens. Turn the lights down if your watching the television. Relax before sleep -- 30 minutes wind down time is important. No screens. If you still have trouble sleeping take a hot bath or shower 2 hours before bed. As your body cools down you will relax and your temperature will drop. In the morning be sure to get some sun light or use a light box to set your circadian rhythm for the day. Once you get into a consistent routine it will be easier to get quality sleep and your sleep scores will improve if you track them with an Apple watch or Oura ring.",0,0,0,,,
AUDIT_065,"This is honestly some of the best content on masculinity I’ve come across. The idea of purposeful suffering hits hard. For those looking to enhance their understanding of these ideas, I found MindBloomery's ebooks super insightful. Just thought I’d share!",0,0,0,,,
AUDIT_121,"The lottery ticket analogy really clicked for me. I've been creating content for a few months now and realizing that consistency matters more than perfection. Every video is a chance to learn and improve, even when the views are low.",0,0,0,,,
AUDIT_031,"I really like this video. Something about it makes me, I don’t know… warm?",0,0,0,,,
AUDIT_076,"Be a man, grow some hair on your nuts and honor your commitment to the dog who was there first.",0,0,0,,,
FINAL_M_024,15:52 when u start yelling i start throwing the trash out,0,0,0,,,
AUDIT_215,"Thank you for telling me that I can turn things around. I'm having a hard time these days because of my past (I was so lazy, unmotivated, depressed) and the karma that hit me, but I'm trying to change and do something I always wanted to do, and had to do. Thank you for giving me strength.",0,0,0,,,
FINAL_M_053,"3:07 ""men date multiple women all the time"" Me who don't date shit, and never did before: ... Bullshit! (Seriously, she decided to pick Chads and Tyrones as her only measurement about what men are?)",0,0,0,,,
FINAL_M_008,This is a women who think she been abused but she actually the abuser,1,0,0,,,
FINAL_M_012,7:50 ANYBODY ELSE find it funny when a 4 like this one talks about standards. 🙄😔😲,0,0,0,,,
AUDIT_177,"You’re a little late to the conversation bud. Society has done nothing but put young men down and try to emasculate them for two decades at least. I agree with you, older men need to step up and volunteer in their local communities and help teach these dudes instead of Tate, Myron, or clavicular..but they aren’t doing it. The women have been boosted up by the system and the men have been told they are toxic, useless, and gross. So what is wrong with the message of: get in shape, read as much nonfiction as you can, and don’t allow a woman to put her foot on your chest? Yea the young dudes get extreme with their disrespectful banter and the way they act sometimes but that’s a tale as old as time when you take away domestic manufacturing jobs and meaningful relationships purposely through subterfuge and government programs..you get what you get. Be thankful that Gen Z is perpetually online and pussified because the civil war would already be under way.",1,1,1,,,
AUDIT_051,Drew is my favorite interior designer here on YT I love that he's not afraid to mix color and patterns and the way he designs a room.,0,0,0,,,
AUDIT_211,I embrace GRANDMA. I am a grandma and love it. I don’t think Drew means it as the negative way you are taking it.,0,0,0,,,
FINAL_M_046,"Love Paul however I have a minor quibble. The Human Race is not a few thousand years old. Humanity or better said the genus Homos (Humans) have been on this Earth for 2.4 million years. Us or more correctly Homo Sapiens the only ones left standing, have been here 300'000 years.",0,0,0,,,
AUDIT_002,"i dunno to me put down the phone is a bit weak, throw it down, smash it, all that stuff on it doesn't matter compared to your present world",0,0,0,,,
AUDIT_069,"My teenage crush!!! Missed him on the Hard to Hold tour cause my sis was pregnant, I didn’t have anyone to take me, so since then, she & I go see him every chance we can. Love him!",0,0,0,,,
AUDIT_201,"Thanks Huw, I was beginning to feel touch of omg so much to do, so little time it’s already May. Eek.",0,0,0,,,
AUDIT_178,From a beginning garden- thank you. Simplicity is the starting point. I have a ridiculous amount of both kale and arugula that I started in the fall and joke about my kale farm. But you know what? Those are the first plants I've ever direct sown and they are prolific! I know it's only 2 crops but we eat the heck out of them. They are ready to retire now and that gives me the confidence to direct sow so new many things this year. Not ready to commit to seed staring but it's all good because I'm still learning how big different plants become. Appreciate your pep talk!,0,0,0,,,
AUDIT_204,"People that talk like this , never live that long. Stop overthinking and use your common sense.",0,0,0,,,
AUDIT_144,"God loves you so much, just as you are right now. There’s nothing you can do to make Him love you more or less. Because of that love, He sent His Son, Jesus, to die to pay the penalty for the sin that separates us from Him. And then He was resurrected — He came back to life as the ultimate victory over sin and death. “Salvation is found in no one else, for there is no other name under heaven given to mankind by which we must be saved.” Acts 4:12 Salvation is a gift from God, and it cannot be earned through our own efforts. You accept this gift by placing your faith in the death and resurrection of Jesus and choosing to live your life according to His Word. If you’ve been living apart from God and you’re ready to receive the gift of salvation and commit your life to Him, you can do that right now, wherever you are. Admit Admit that you’re a sinner in need of a Savior, and ask for forgiveness of your sins. Believe Believe that Jesus died and rose again to pay the penalty for your sins and give you new life in Him. Choose Giving your life to Jesus is the first step, but discovering how to become more like Christ and growing in your faith are lifelong commitments. If you’re ready to take this step, then pray the prayer below. There’s nothing special about these particular words, so feel free to make them your own. What’s important is that you’re acknowledging your genuine need for God, your belief in Jesus, and making a commitment to Him. Salvation prayer Heavenly Father, I come to you as a sinner in need of a Savior. I believe that Jesus Christ is the Son of God and the Savior of the world. Today, I make Jesus the Lord of my life. I believe He died so I could be forgiven and rose again to give me life. I receive this new life. This is my new beginning. I am a child of God. Amen. Congratulations on making the best decision of your life!",0,0,0,,,
AUDIT_138,"This video shows you are not only wise, but highly intelligent allround! If anyone wants to see deeper beneath the surface, Dr Aaron Good just explained what the ruling powers in the world are up to, on my pal Pascal Lottaz's Neutrality Studies YT channel. Best summary I've seen.",0,0,0,,,
AUDIT_161,"Huw can I ask a question?? Would this still work if bug pests like cucumber beetles, squash bugs, etc are a concern? I'm just wondering because so many websites say to discard garden debris at the end of season to give overwintering pests and eggs less places to hide in your garden? Would love to try this!!",0,0,0,,,
AUDIT_120,Suns really messed up that CP3 + Booker team when they went for KD,0,0,0,,,
FINAL_M_023,Let the banshees wail. Here comes the Whirlwind. The worst is yet to come. What’s the missing piece? Feminism can Only impact Blue Pill men. This creates Red Pill men. Witness the Ouroboros. No feminism. No Red Pill. No feminism. No entitlement. Choose. The clock is ticking. Once the damage has impacted Governmental operations a switch will be thrown. Force Doctrine will be applied. It’s already being applied to men. This has created Ghosts. Do females have the capacity to become ghosts? Here’s the helix. Here’s equality. Keep hitting the bomb with a hammer. Desensitized men don’t care about the plight of females. A feminist female is Not a woman. They are competition. They are an opponent. They are a food source for wolves.,1,1,1,,,
AUDIT_101,Great video. Misandry is out of control. I think a video on how to have these types of conversation challenging the narrative could go a long way for a lot of people. Especially how to do it without getting emotional and how to respond if/when the person turns the conversation into just shame and insults.,1,0,0,,,
FINAL_M_035,"We have the right to bear arms but how useful is it? If you shoot someone in self-defense, a liberal court can still rule against you. Or you get off after defending yourself arduously for 3 years and $150k. Is it good to protect against the govt? You could have a shootout with 3-5 cops and maybe prevail, but it isn't over. They will send more and more, you'll run out of ammo. Or against a foreign invasion? This assumes that it's KNOWN that an invasion is happening. Otherwise, what are they shooting at, a boat or a ship? See, it's useless.",0,0,0,,,
FINAL_M_031,What women don't understand is that all their privileges are given to them by men. They are lucky they live in a country that puts women over men. Men could decide to get rid of women in society all together. They could put them in birthing farms to only produce more men. In some countries they are not allowed to drive a car and they can not go out without a man. In those countries their young son out ranks them.,1,1,0,,,
AUDIT_167,"Followed you for many years now and you are one of the greatest inspirations ever (All Brits - I might add!) Just a wee suggestion, for what it's worth!) try doing a comparison style garden in no dig hugelkultur - saving even more money in these troubled times and compera ing to your own style - would be interested to see if it's worth the effort and money saving! - I would also make the beds much deeper to be able to sit on (built out of brick)as when we age this can hold us oldies back a wee bit! (someone (Brit) once said to me that those low beds aren't raised beds but bed definers and I do believe he was right! Just a thought and keep on growing and keep on going ! XxxX",0,0,0,,,
FINAL_M_060,Women aren't interested in average Men in their 20s. Men are comfortable being single in her 30s.,1,0,0,,,
AUDIT_029,"this first garland is most trending Russian Chritsmas tree decoration at the moment! Done with round shaped dry crunchy snack called ' Sushki' ( the other larger one is called ' baranki') so this garland is totally edible if you want to ( these sushki snaks literally have no expiration date, as its the old way to preserve bread)- and i've done mine just today!",0,0,0,,,
FINAL_M_009,"Thanks for all the laughs. Please make sure you use this channel to direct us to your squeaky clean, government approved content (it's so sinister and no one is saying anything - this is the first i have heard of those laws in canada). You have the work ethic to be successful in any content you make. I hope you heal so you aren't in pain, as you have saved so many men of a life of pain, sorry to say but there is some irony there. Also (After I posted an ad with you I got cancer, survived but there truly might be a conspiracy there but probably not, I just always wonder what it was). Been a fan for many years, we do need someone to back up and upload all your vids somewhere safe and legal. History will show that you got so much right, that's why the powers that be would do this, to you, your content and your channel. I am a bit conspiracy minded, but I also think they will have tracked you from the start. I know this post in part sounds mental but the older you get and the otherside of these laws they are trying to pass... it means people will already be playing by those laws and exacting punishments they see fit with their own rules and punishment book. We have moved away from rehabilitation, everyone just seems to want to hurt one another nowadays - especially between different religions and culture groups, so I wouldn't put it passed them to use certain means to inflict on people with differing views covertly. To anyone who read this far, be a great person to everyone as much as possible, keep in mind your intentions are not theirs though, gotta have eyes in the back of your head nowadays, even from your own government and police. Anyway Peace brother and I hope your new project is a hit.",0,0,1,,,
AUDIT_096,"The situation in Iran is extremely severe. Internet, phone lines, and even SMS services are being shut down, leaving people unable to contact their families or know if they are safe. Millions of civilians are effectively being held hostage inside their own country. The Iranian people are not the regime. We are living under a violent and repressive government that responds to peaceful voices with force and bloodshed. This is an emergency humanitarian crisis. We respectfully ask the international community, especially the United States, not to look away and to help us apply real pressure so the Iranian people can be freed from this brutal regime. This is not politics — it is a call for urgent help.",0,0,0,,,
AUDIT_148,"I'd love to see that compliment used more frequently 😅 ""I must tell you I admire the size of your anterior midcingulate cortex."" 😅😅",0,0,0,,,
AUDIT_018,Then add on top that you as a woman has had to shave your head since son got lice and is freaked out as he smoked moldy pot and he has skin issues and as a mom with chronic pain from making impact with a dump truck at 100 kms with only less than a block to stop and your spine is twisted then husband of 16 hrs kicks you and 10 yr old son as husband having an affair lol. But you have this shaved head with boils on your scalp and wear scarves and in huge huge pain working in 35 heat and just do the job to deliver the mail . True story and I’m trying to write a book,0,0,0,,,
AUDIT_127,"Your opening about food prices reminded me of Oliver Goldsmith’s The Deserted Village. A time there was, ere England's griefs began, When every rood of ground maintained its man; For him light labour spread her wholesome store, Just gave what life required, but gave no more: His best companions, innocence and health; And his best riches, ignorance of wealth.",0,0,0,,,
AUDIT_240,29:00 I feel like it’s typically Sherman vs Sherman vs Jill 😂,0,0,0,,,
AUDIT_143,You're missing the point.Women become anxious and emotional when husband's refuse to be present and hear what they are saying. Its not at all about tolerating bad behavior. Study coregulation in marriage.,0,0,0,,,