scope,construct,precision,precision_CI,recall,recall_CI,f1,f1_CI,w_TP,w_FP,w_FN,w_TN
overall,1A,0.897,"(np.float64(0.74), np.float64(0.966))",0.718,"(np.float64(0.457), np.float64(0.904))",0.798,"(np.float64(0.581), np.float64(0.917))",2498.4,285.6,980.4,18561.6
overall,1B,0.748,"(np.float64(0.336), np.float64(0.958))",0.306,"(np.float64(0.073), np.float64(0.838))",0.434,"(np.float64(0.122), np.float64(0.816))",451.6,152.4,1025.7,20696.3
overall,2,0.662,"(np.float64(0.46), np.float64(0.856))",1.0,"(np.float64(1.0), np.float64(1.0))",0.797,"(np.float64(0.63), np.float64(0.922))",217.8,111.2,0.0,21997.0
manosphere,1A,0.954,"(np.float64(0.823), np.float64(1.0))",0.715,"(np.float64(0.438), np.float64(0.905))",0.817,"(np.float64(0.588), np.float64(0.937))",2416.8,117.2,965.4,3733.6
manosphere,1B,0.811,"(np.float64(0.392), np.float64(1.0))",0.311,"(np.float64(0.075), np.float64(0.898))",0.45,"(np.float64(0.133), np.float64(0.873))",447.6,104.4,990.9,5690.1
manosphere,2,0.827,"(np.float64(0.605), np.float64(1.0))",1.0,"(np.float64(1.0), np.float64(1.0))",0.905,"(np.float64(0.754), np.float64(1.0))",182.8,38.2,0.0,7012.0
comparison,1A,0.326,"(np.float64(0.107), np.float64(0.575))",0.845,"(np.float64(0.484), np.float64(1.0))",0.471,"(np.float64(0.181), np.float64(0.706))",81.6,168.4,15.0,14828.0
comparison,1B,0.077,"(np.float64(0.0), np.float64(0.25))",0.103,"(np.float64(0.0), np.float64(1.0))",0.088,"(np.float64(0.017), np.float64(0.286))",4.0,48.0,34.8,15006.2
comparison,2,0.324,"(np.float64(0.117), np.float64(0.676))",1.0,"(np.float64(1.0), np.float64(1.0))",0.49,"(np.float64(0.21), np.float64(0.807))",35.0,73.0,0.0,14985.0
