scope,construct,precision,recall,f1,precision_ci_low,precision_ci_high,recall_ci_low,recall_ci_high,f1_ci_low,f1_ci_high
overall,1A,0.897,0.718,0.798,0.74,0.966,0.457,0.904,0.581,0.917
overall,1B,0.748,0.306,0.434,0.336,0.958,0.073,0.838,0.122,0.816
overall,2,0.662,1.0,0.797,0.46,0.856,1.0,1.0,0.63,0.922
manosphere,1A,0.954,0.715,0.817,0.823,1.0,0.438,0.905,0.588,0.937
manosphere,1B,0.811,0.311,0.45,0.392,1.0,0.075,0.898,0.133,0.873
manosphere,2,0.827,1.0,0.905,0.605,1.0,1.0,1.0,0.754,1.0
comparison,1A,0.326,0.845,0.471,0.107,0.575,0.484,1.0,0.181,0.706
comparison,1B,0.077,0.103,0.088,0.0,0.25,0.0,1.0,0.017,0.286
comparison,2,0.324,1.0,0.49,0.117,0.676,1.0,1.0,0.21,0.807
