construct,comparison,difference_pp,exact_p,holm_p
1A,manosphere_adjacent - male_oriented_wellbeing,23.568078681778474,0.05714285714285714,0.08571428571428572
1A,manosphere_adjacent - mainstream_self_improvement,29.254861551956868,0.02857142857142857,0.08571428571428572
1A,manosphere_adjacent - unrelated_control,30.605403889177303,0.02857142857142857,0.08571428571428572
1B,manosphere_adjacent - male_oriented_wellbeing,4.720676687317965,0.08571428571428572,0.08571428571428572
1B,manosphere_adjacent - mainstream_self_improvement,6.55532476343566,0.02857142857142857,0.08571428571428572
1B,manosphere_adjacent - unrelated_control,6.727245237427157,0.02857142857142857,0.08571428571428572
2,manosphere_adjacent - male_oriented_wellbeing,3.5101980717770163,0.05714285714285714,0.11428571428571428
2,manosphere_adjacent - mainstream_self_improvement,2.5189139091589627,0.2,0.2
2,manosphere_adjacent - unrelated_control,3.903122995989698,0.02857142857142857,0.08571428571428572
